system,solution,output
b'\x00\x16w(\x05\xe0\xc6?\xb6S\xa4\xd1\xd7@J\xc0t\xbf\x0f\x88\xcd\xd3:@\xe2\x93}7\xb7\x85V@6y\x18\xcc\x06\x15V\xc0\xb4\xbbdC\xc2\xa0V@V\xd5-?\xad\xadL\xc0x\x8drXC8N@\xf8\x97\x7f\x0bYd@@\xc0\x95\x8e\x1a\xf6\xca=@\xc0\xda*>CcK@]\xa5r\xf9\xb4 P\xc0`B\xfb\xb9rsL@\x80\x82\xbbd5\x7f\xfc\xbf\x1c\xb6kF{!M@\x98\x9f\x98\x14\xc6\xe4$\xc0',b'\xc0\xe3\x9e\x088y\n\xc0\xc9\xa7\xc3\xd7\xb3\xadC\xc0x\x81\x16zH\xb2+\xc0i+\xa2\x93\xedWR\xc0',"b'\x00\xe0b\xc6\xdd\xd3\x00\xc0\xcak!\xe0\x95\xfb\xf6\xbf\xa7,a\x87\x07\x14\xe2?=\xe7(\xc1\x90\x9b\xf0\xbf'"
b'@)md\xb1\xc6<@\x00\x16\x16\x1b\xc6\xec-\xc0\xb8\x11]\x0c\xd7\xbdP\xc0\xa0kw\x98\x13qG@',b'd\x0e\x99\xcb\xe1\x96=\xc0\xfa\x1d\xb8SRoK\xc0',b')j\xcf\xf0\xceq\x19\xc0\xafK\xa9\xee<\x83$\xc0'
"b'\x16\x14M\xc5\xa4\x9bA\xc0hs \x8e\xb0R""@D\xce\xee\x9eJ(K@\n(\x88\xf4\x9a\xedP\xc0'",b'P+y\xbfxK(@\x1c\x01\x97\xb3\xf2]A@',b'@\x15\x08BjX\xe3\xbf\x95)\xbc\xff\xb2\xee\xef\xbf'
"b'0{\xf7z\x8b\xea\x1c@\x82h[\x98\xe7\x8bX@\xf4\xablp\xba\xddL@\xa9\x02\xb3\xef\x07LC\xc0\x00\x15\xd1\x043F\x06\xc0\x05\xc5\xdc\xe3\x1e\xc3X\xc00a7\xbat\xfbR\xc0\xa2)\x82\x1dnyX@\\\xc3\xa3\xbd\xa724\xc0P04\xe3\xd5b4\xc0\xacz\xd2w\xdf\xbcH@\xbdQmv\xa1\x94O\xc0\xa0\x97\x05\xb6\xdf\xe8A@\x1c\xea~\x83L&V\xc0\xd8G\xa5\xd5\xe8\x12@@\xc8\xaa\x9b!uaB\xc0`\xe1\x85\xcaj\xd4\x12\xc0\xa8\xbc\xad\xd3\x15\xc6J@,\xfdI\xe4F\xe59@\xa0\x82\x89\x0b6\xf4\x12\xc0/Q\xb3y\xfd\xfaX\xc0t\x8c\xa9\xf6\x187M@|\x93%\xaa\x0e%X\xc0P\x99\xe0\xe9\xc2b5\xc0Xo\xa2\xf5\xa2~U\xc0'",b'\xee\xe0\xa1#\xa9hQ\xc00\x10\xe4=\x08\xde>\xc0\xd1\x05e\xf2\x00\x17V\xc0\x0c\xee7F\xa3)8@\xe0\xae\x97(\x1a\x8e9\xc0',b'\xda\xd7\xaeDFN\xfb?\xc8W\xd2\xf0r\x18\xe5\xbf\xa1\xe6F\xb6&\xdc\xe1?\xa7\x9a?\xb7\xa5 \xf8?\xd9}\x8d\xc5\xe0\x16\t\xc0'
"b' \xeb\xe2\x97\xacW>@\xa4\xf7*.\xd4BU@\x98\xcb(\xfd\xebS>@\xc7\x93\xa5\xd15\x84P\xc0\x18\xd9?l\xc19W@\x8c/\xa6\x12\xe7<@@\x88?\xf1\xd0f\xf0P\xc0\xfc\xc1H\xf1""\x920\xc0\x88\xc9\xda\xcc\xf7\xf3Q@\xf4)]5\x8d\tS@\x08\xf0\xa8\xbb2/(\xc0\x08\x1f\xe0Q\xde.X@X4\x85\x1d\x0e\xadO@\xde\xac` \xf4\x99@\xc08\x94\xbb\x9b72K@4\x01\x18\x95^\xe1Q\xc0'",b'0\xdc\xb5\x00\x0c\x10U@$\x9a\xda\xa2\xd5\x13F@\xb4\xc3\x12\x91\xc9\xf0K@$\xb3F?T\xeaE@',b'\x89F+\xcb!q\xdf?\xac\x12\xcev+\xc3\xe1?\xbd!\x16n<I\xd5?\xa0\x15\xdc;YY\xc7\xbf'
"b'h\x08\x8fd<\xfe/\xc0L\xf3\xab\xf5\xfd\x16R@>m\xd2c\x7f%S@\x952T3\x9aWK\xc0\xdc\xbez\xec\x16\xd6V\xc0R\xaa^$\x9b9R@\xb0\x1f\xb3\x81\xf7\xc2;@\xc5\x10V\xe9C\x04J\xc0\xdc\xd1\x01\x95WIA@\xe8\xc6\xcf>\ti""@,\xa0\xfb\xb5_\xd85@\xdf)\\\xfe\x14\xe3K\xc0\x8fgy\xc4\xc2yD\xc0\xc7\xc2\xd8\xbc[zL\xc0\xeco\xf5+\xa8aR\xc0\x1b\x01*-\xadDF\xc0\x80>\xde\xe7\x84\x87\x19\xc0`_9cl\xc2\x01\xc0\xbc\xf4\x83\\\xb1jN@\\\xfb\xd6\xe9P W@\x8a\xbdv\xb29\x82T\xc0\xa2E\xd7\xae;\x80R\xc0\xea\xc7\xa1\xb9$/Q@\x01\x10\x97y\x91KT\xc0\xae\x96SU\xffQQ\xc0'",b'\x81\x96\x04\xb3\xb4\x1cX\xc0\xe8\xcc\x95|=\x05T@\n\xdbG\x9f>\xf8U\xc0\xffj\xd6\x02<FS\xc0\xec\xc2BT\xb8\xe9K@',b'`\xfdc%\xbdP\x1d@\xd0d|\xdd\x00\xec\x14\xc0\xb3h\xcf\x9f\xd8\x08 @R\x0f\xa9![\xd2\x07@__\x06\xca\xd9/\xe2?'
"b""\xdcy\xad@KQ;\xc0\xfdm\xb1g \x03S\xc0\xf0\xf91\xb1\xf3\xe1\x10\xc0\x0c\xe4\x97\xd2D\x954@\x80\xf1\xae'\x92\xdeW@\x8c\x06\x86Of#9@\xea\xbe6E86R@\xe6\xd2\xe8\x90Y:U@\xf3D_\x9a\x043X\xc0\xd8le\xb8\x8d\xc8/\xc0\xfc\xef`\x8e\x8d\xf37@\xe4\xc9{\x03\xfccM\xc0pr1*\x00K*\xc0\x1c\xbaH\xa8\xd8\xbd4\xc0\xe4B\x1cT%\xdaT@\xdc~\x14#\x19\x117@\x9b\xb7dC\x80RW\xc0\xfa\xcbP\x96N}W@X\xb8,\xc0\xe5\xf4?@\x1e\x10i\xc4\xf3\x1eP@0n\x92n7\xff#\xc0\xac\xd6)`\x86\xf7H@\xa7?\xad\xe0\\?Q\xc0\xd0[\xa8\xd6\x9ajV\xc0\x14\xcf\\\xf9\x1e\xfaV@""","b'\x15%r\xc8\x0f:L\xc0t\xb1\xe0]\x05tM@,[4\x8f\x92\xdf;\xc0\xd8\xb2\xc1\xff\x1f\xaa%@\x8e\xc5;J4\xeaX@'","b'_\xe6\x96\xae(\x02\x04@D\x036\xbaLN\x10@.\x19\xf1\xbc\xe0L\xe3?\xbbV8P_\x8b\t@\xd2\xf0\x02\xbf,\xad\x05@'"
b'`\xe9\xde\x9fm\x9c7\xc0h\\i\xa2<;D@\x88\x05M\xd9\xee=M@x@Gf\xe2.C\xc0N\xec\x14WCXU@\xb2\x187\x84VSS\xc0\xf2\x90\x9b\x7f\x86gH\xc0\x98\x87\x04T\xe6\xfb2@\xf46@\xe2\xed\xc96@\x10\x14\x9f\xcf\xe3\xc4?@Wu\x91vvTF\xc0\xf4\x0c\x03}\xc4\xd1C@\xce\xcd:%\x9d\xffR\xc0\xa8\xec\xeb:\x87\x99H@\xd4\x17\xe1J\xfejT\xc00\xa3\xab#\xd6\x16\x1d\xc0',b'01\xc3\x07\x01`K@\x82\xf0\x1eo\xaaaW@h\xa1\xa2\xfc^\x85O@u2BuBAM\xc0',b'\x04\x8dh\x9f\x8a\x0c\x07@\x11aKn\x11G\xfd?n(\xef\x19\x90\x1a\xe5\xbf5\xe9n_^4\x02\xc0'
"b'*\xee\x9c2-\xd3V@\xf8_QO\xe5\x8dT\xc0\xc4L]\xd4\x922A\xc0\x833\xbe0\xaerW\xc0\xac6:R\xc2BA@\xc3\xde\xdb\xdbU\x05J\xc0G\xfc\xf0\x81\x07\x13Y\xc0\x14H\xe2\x83\x88\xcc5@\xf8\xe3y<\x89\xebA@@\xe8\xc2\xc0\x1b\xcdF\xc0\xc3]\xf6>\xbf\xcbQ\xc0\x8e\x06\x9cy\xeb\x19M\xc0\xc8\xacX|\xd6\xee=@\xe8K:\xde\xdfU""\xc00\xc3\x870#1\x17@\xa0p\xcaD\x1b\x18X@'","b""@'@\xf8\xdb\xbdM@\xd0vonp\x14\x1b@*\x8e\x11U\xe1IU@\xc2WI\xed\x87\xb5P@""","b'U\xa9[\xa5J\xcc%@\xc1Y\xe8/\xef\x92,@\xfb\x1b8\x92|\xbc\x0f\xc0\xc4\xf6^Qz\x80\xf1\xbf'"
b'\xc4\x1d\x87%I\xc24\xc04\xeb\xfdG\xc8\xdfI@\xda &\x1f+UP@L$\x15\xb5V\xc1O@\xfeQP\x1b\xc1\xeeW\xc0nG^\xe9\xbc\xf4W@\xd0R8\xd4\xdb0 \xc0b\xfa\xc7\xee\x7f\xf8R@TIB\x1b\x8e5L@T\xa1\xbc\xdc\xadqA@\x00c\x88-\xc4\xc1.\xc0\xbcg\xee\xaa\xbe\xdeR@\x90\xeb1\xe1\xa2\x01=@\x18y\xe8\xa4m6S@h\tNi\x9b\xe8%\xc04\x12\x15d\x0c\x99B@/qivl\xfeF\xc0l\x0e%\xd3Yl4@\xc2\x82\x1b\x9d\x8d\x0fW@0\xcd\x17\x1d\x18\xddS@\xcc:\x93\xb8F:B@`\x05\xabrI.H@\xce\xe5\xabX\x9f\xa6F\xc0J3`\xaa\xb3\xfeX\xc0H\x8a7\x95\xe91V\xc0',b'7\xf2QW\x97QH\xc0\xac\xd7\xbb\xab\xd0}P@0\xa5\xdd\t\x91\xadK\xc0V\xa7z\xe6\xb6\xd8M\xc0(\xfc\x89\x11\x18\x11B@',b'\xce\x86\xd4y3\xdb\xbe?a\xef\xa0E\x18\x97\xd4?\x1b\xfbh\xaaC{\xf8?\xbe6\xcf87\xcf\xf7\xbfv\x8f\xa0\xb2C\xcf\xe6?'
"b'\xf1s\xe4\x1b\x03*P\xc0\xd2\xbaN\xf13xV\xc0\xc0{\x94U\x9e\xe1\xfb?\xc4\xccPx\xb6\xc1Q@\x98WGZ\xe1XX@\x88\xfb\x1901$P@T\x95^\xfd\xd7\x15L@\x7f\xe9\t\xb9\x04\xefS\xc0\x18|\xbd,\xcf\xbf%\xc0Ga\x8e\x0c\xe6\xedG\xc00\x9d\xc0,\x92#\x1f\xc0\xe4Zr\x1cK\x8bJ\xc0\xbc\xae\xddQ\xbf\xaeD@\xb3>\x94\xf3\xc5\x9aB\xc0^@\x03\xd4\xf3\x0cU@\x84\xa6$\xc9\x91JT@B\n\x82~<\xffS\xc0F\xef\xb9v\xa3\x0bP@g\x06\x8e\x9f}\xedX\xc0l^\xd1{\x18vL@\x87\x92\xeaF\x1f\x9aL\xc00\x00\xc0\x1f8@Q@\xf0\xe2\xeb\xcb\xff\x1cE@@\x14\x06\x1a%\x85*\xc0\xc6\xcfp\xce\xaf\xc1W\xc0'",b'\x12\x16\x86l\xb1\xa6Q\xc0\xea\xbbF=8\xe0Q@\xabL\xd0\xf2\xc7\x15G\xc0$@\ti\xc3]2@^M\x17\xba\x0b/S\xc0',b'\x81%\x03\x9d7g\x02@\x9dTy\xe6\xa1\x87\xf5?;O\xdc\xcc\x8e\xf0\xf3?(Y\xf7\x8d\x9a\xfa\xfc?S\xa5\x19\x19\xa4m\xe6?'
"b'v\x8c\xeeB_6V@tz\xb0""lE5@r\xa7\x1e\xe9\xc5\x85P\xc0\xa0\x9c\xac\xe6\xa9::\xc0\x10F\xcc9\x05 T@\xb8h\xf45\x9d\xfe>@\xda\xdf\xc9\xa4\x83yX@:\xd8E\xe3\xb4nI\xc0\x80\xac\xe1[""26@\x1a\x12\xed\xbe\xbbIU\xc0\x81\xf9\xe3\xc0\x14WW\xc0\xa0\xacFD+}4@\xe8\x9c\xef\xff\x12\xe7H\xc0\xf0\x98V-4cX@\xd6.\t\xf1S6T@\xd9\xd2a P\x01W\xc0'","b'\xcf\xe4\xf6\x8e\x90\x90C\xc0\x98\xe8\xa5\xe0<\xa1Q\xc0lL6\x94\xc6\xc5V@\xdf\xae""\xc0\x9fyN\xc0'",b'\xf7\xda\rN\x90u\xdd\xbf\xe2\x99{l\\\xd5\xf0\xbf\x1ch8\r\xbb\xff\xca\xbfk\xbd\x7f\xe8\xbd\xe7\xd8\xbf'
"b'""\xa6\xa1\x03d\xf4W\xc0\xb8\xfc~,\x7fH@@,\x1bW\x83\xc0\x0c6@\xa1\x97\xac\x8c`TM\xc0\xb2\xdb9<@\xc2T\xc0\x00X\xdeH\xa5\xc8\xb8\xbf`4d\xd8\xe7\x98A\xc0\xb6]\x12\x0e\xac\x85F\xc0\xe4\xe1m\x0e\x90\x83:@\xde\x1f.H\x9e\x1fX\xc0\x9cT\xc5\xec9\x94G\xc0^;c\xd2\n\xcdA\xc0\xd3\x15\x0f%\xb9\xffJ\xc0\xff,L\x07\xe4^V\xc00\xf1x\x13mmK@\xe0\xd0\xc5\xb3\'""\x1e@'",b'$\x0b\xb8\xff\xe9\xaeX@\xa0\x8c~.\r\x93\x0c\xc0\x9a\x05\xca\xd9\xeb\x0bS@l\xbc\x82q\x968X@',b'\x1c^\xe1\xb5\xb4\xf7\xe2?j\xef\x99\xea\xec\x04\xe3\xbf\x9a\x91EB9:\xfb?\xc2\xd6\x8bR\xc8\xbb\x02\xc0'
"b't\xda\xa3}5NR\xc0\x1a}\xcc\xe0d(R@<\xcf\r\x048\xa9X\xc0,1\x8b\xceu\xb3O@JnM\x0e\xd5NU@\xec7_V\xbd\x82:\xc04\xc1\xe5\x9d\x92\xe5=\xc0\xec\x8cz\x0f@\xe24\xc0@\xbf\xafg\xa2^\xfe?\x92-\xc1\x98d\x87P@\xc4\xcf\xd2\x15\x08\x86B@L/\x7f\xe5IK:\xc0\x94\x1c }\x91\xe6H@8\xdf;\x8e\xfe\xb03\xc0\xdc3f6\x1d\xdfX@\xd2M\x93\xff4\xe1R@\xbd\x08s\x94#.K\xc0e""\xc3\x1a\x8d\xf7S\xc0\xa6\xf7\x1dj\x87\xb8P\xc0\xde\xe5\xe05\xd2\xbcX@\xc8 \x85\xc5\x1d\x1cO@\xb8\x12[a\xed\xf0L@\xbe\xd7\xf4\xd8\xd4\x10W@\xf4\x8aS\\\xf5\xa7Q@d\xa6\xfe\xc4A\xf00@'","b'<\x82b\xd5""\xe8;\xc0\xe4`\x04\xc7\xf5\xf62\xc0""x\xa2t\xc99I\xc0d\x96\x1a/\xeb\xbcN@\xbc\x8b\rOktB\xc0'",b'\xe1\xa4uQt\xd2\xe3?\xaa\xf9&\xdat\xf7\xd9\xbf\xe4/5x\x1c\x05\xe6\xbf\xf8\x0f\xd8Q\xa3M\xd1?\t=\xc3\xfaf\x9c\xdc\xbf'
b'\xa4vW;D\x0eY\xc0\xd0tF\xe0\x1diN@\x88\x19eY\xd6=!\xc0:\x89\x97%U\xa9K\xc0',b'\xfc\x0fV\x97\xb3bV\xc0\x00\xa3\rRL\xf9\xe1\xbf',b'\xf9\nK\xea\xc5L\xea?\x1f\x92\xdfj\xc8/\xbe\xbf'
"b""L\x8a\xa6\xdeB\x18:\xc0\x8c'\x10\xc2\xf9\xe9R\xc0\x88\xb7w\x10\x07\xae'\xc0\xcc4\xf0!{\xa28@$\xc3\x9d\xe9c\x93I@x*\x95\xe8\xee\x99E@D\xeb\x81$\x06m4@\xd0\xf9y2T\x982\xc0\xfc0\xbfu-\xb37\xc0""",b'\xdfX\xc6\x97s\x10C\xc0\xe2N\xb4\x83\x9b\x01@\xc0\x9e\x01=\x90\x06\xcdS\xc0',b'\xd6\ri\x16Y\xdb\n\xc0\x83\xd0{\xd8\x18\x08\xfd?\xdc\xd7y.\x943\xef\xbf'
"b'\xd8\xeeMc`\x7fQ\xc0\xf8\x85\xe3\xd67$F@\xec\xa6h\xbc%\xab3\xc0\x00\x10\xd2f\x92DJ\xc0\xa0\xd3<\x18\xb1P%\xc0\x801Z\x1dA\xb43@H\xb3\x84\xef\x08X2@d\x96\xa6\xd57\xedD@V\x9c\n\xba&\x85K\xc0\x03\xcd\xb8 \x16\xa8U\xc0\xac\x809\x8a,k4\xc0\x0c\xac\xc7V8TB@\xde\xb5<\xadq{P\xc0\x04}\x85\xf3\xd2\xffQ\xc0W\xf2eb\x02\xd0R\xc0\xb0L\x18\xcf[\xfeL@'",b'\xfd\xc1\x13r|\x88K\xc0\x8c\x12p\xf4\xc8\x98;\xc0\xe8\xa1\r\xe1PQ \xc0\xb8\x87\x15\xffie3@',b'!w\x89\xf4\xd1\x94\xea?\xce\x1c\xd1\x00\x15\xac\xd0\xbf\xe6y\xc0oo\x9b\xe7\xbf\xbeN@dD\x9c^\xbf'
"b"",E\x82S\x08\xd7N@\x00\xd6\xf8au\x04\xde\xbf\x9c\x0e\xcd\x01\x02\xe89@HS\xea8\xf2\xf84@\x8bV-\x01$OP\xc0Q\xb6\xc3\x03\xa0GS\xc0\x17\xe0>\xcf\xcb8T\xc0\xc0\x8c#\x82\x95\x9c5\xc0\x00\xe8\xa4\xc7\xcdJ\xc0?\x00\xf6\x1c\xf5\xa3\xb9\x1d@P]\x96\xed\x03\xb0'@\xac\xfd\x0e\xfc\x0cI1\xc0\xe4\xf7\xec\xce/\xd5G@\xdc\xda\x0e8\x81\xd1U\xc0 \x11@\x80\xbe&+@HP\x03&DX-@|\xda,\x02\xb5\xbe9@\xebltkweI\xc0\xe05\x81O\xd3wC@\xf2A\xe7\x9d\xd3\xe7@\xc0\x1f\xc2\xdf\xb3]WR\xc0\xb0\xab\xa4\x05\xe6e?@V\xed\x903\xdbYT\xc0\xac\xb6$?\xa9TD@\xc4E\x12\xe0\xe7\xdd3\xc0""",b'$3\xc7E\x83FF@\xda\x87s$\xb8eB\xc0`\xa6 TgNJ@p`\\\x95\x19iX@\x80\t\xee\xdf7ZC@',b'V\xd2\xee\xee\xf4\xc5\xf4?\xc4\xaf\xd3\xaf\xc1\xd3\xcd\xbfC\xc0^\x0fiU\x03\xc0\xeb\rX\xaa\xc7\xb8\xfd\xbf\xc8n+\xd9\\+\xf0\xbf'
"b'A\x87/X\xdd\xcdV\xc0|\xdc|\x7fp\xf5;\xc0es\xb2@\x9b\xb3C\xc0\xf4\x8fT\x16\x13\xbd@@\x10\xa7\xb5\xc5\xbad\x18\xc0\xb3\xb1\xf7j=\xddS\xc0\xca\xe0\xc6\x19\x85bV@\x1a\x7f\xceq\xa9\x96X\xc0\x1a&\xbeg\xf6\xb1X\xc0\xa0""t\xd7\xee\x0e\x1e\xc0P\xded\xde\x95a\x1a@8}Wc4\xe4B@(\x82\xaf\x15\x90<*\xc0\x0f*X\xe1>\xafG\xc0\x98\xef\xc9dj\x17Q\xc0\x00\x0b\xf7V\xa5E\xf6?b\xb4\x1fU\xf4\x91V\xc0D\x15\x8dq\xca\x99N@d\x17\xa4\xfb\x1b\x9e8\xc0\xbe*n\x8e\xb2\x16W@\xb0\xe3\xff\x9a%\x08V@\xfa\x93y\xb01\xdcM\xc0\xf2\xc3|\xe1\x95\x87U@\xd6\xd6\xaa;\xef\x11Q@\x0c\xff\x97\x85\xcbnJ@'","b'R\x17\xe0RR\xf3X@\xb8s\xf3<\x07}1@,\x1e\t\xec\xae\xabU@\xbcS\xba\xbf\xab\xafL@\xec\x83d\x1b\x81\xb98\xc0'","b'\xbbb7fF5=\xc0j_\xfb!\xe2p>@5""s\xe0iqG@\xbe&I\x04n\xa5\x10@\xc6\x8f\xdb\x1f\xd0q\xeb?'"
"b'\xc0\xba\xcf\x0c\xaf\xfe\xf0\xbf\xf8\x03\xe2/BQ1\xc0\x88\x97\xbbm!^#@\xd2\xb2\xc5\xd4\x03\xeaU@\x00VK\xc1\xc7\xae\xf0?\x80\n\x06\xc7\x16YC@\x08{\x96\x9d\x83\xc5?\xc0t\x97\xe9\xe4TFV@\xec\xeat\xc3\xaa\x9fJ@\xe2G\xf1\x18\x01BR@G|k\xfdb\tQ\xc0@E\x03=\x90\xa2@@\xf0mA\xdc\x1fv(\xc0DL;x\xc0\xb7G@ \xb29d}k \xc0\x80\x1b\xd0\xe1\x0cRE@\x8b\x8e\x9c\x12\xd4\x10J\xc0p\xd7f2\xd8N=@\xd4\x0e\xc1ol\xb1C@\x90\x1b\x02]%*.\xc0\xb6\xd6\x1eRO""S@@X\x90M`b@\xc0\xba\x12R\x180TV\xc0\x85\x9bE\x06%\xdeR\xc0\x94 \xc2g\xe9}3\xc0'","b""0\xed\x8e\xc3\xf6\nP\xc0\xec\xf8\xe1\x85\x96\r0@\xe0\xa7\x03:\x0e\x00\r@>v\x15\xa0\x93TS@\xd0\xe4a'-\x91R\xc0""",b'R\x9f81\xcba\x18\xc0hYK\x1b1\xa5 \xc0nAT\xa3\x99\xd5\xe2?\xdc\x01\x9b\xefN6\x04\xc0{g\xb7\xae\x10~\xee?'
"b'L\xb0\x04\x99V\xae5@\xd0\xf8\x9e\x9b\xc2\xdeA\xc0\xd4/D]}vA\xc0$\xb87A\xbe\x02Q@\xf2\xec3\xe0\x9c\xf4H\xc0H ^\x00\xb8,(\xc0\x08\xf2\xee\x16M\x18?\xc0\xd0\x88\x85\xc2K\xb7\x16@,\x84\x7fh\xab\x8c1@'",b'\xd8j\x19\xb0.PO@\xc8\x07uB4\xd6A@\xa6\xb3hp>-P@',"b'<5\xcd\xf8dQ\x02\xc0\xf6\xd8B\xd2\xdfB\x10\xc0*\xfe)\xd7,B\xee?'"
b'G\x87\x08\x9bB\x9aS\xc0\x94\xf2\xd6i\x0b\xadQ\xc0\xba?\xd2\xe7\xd1{S\xc0\xe0w\xec_Q\xfdN\xc0\x92g/hl^R@\xf0E^:\xc3BU@\xa0\x04@\xd6\x88k$\xc0\xe9\xca\xf1\x19w1E\xc0<lq)\xad:K@',b'\xc4\xe9)/\x18aA@\xfc\xe7<\x85\xdf\x04N@:\xa9\x19\xb5;\xbcT@',b'[\xea\x83\xf7c\xae\xe4\xbf\x1f\xadg4\x94\xbc\xe6\xbf\xfc\xbd\xa4\x80\xa4)\xeb?'
"b'@r`\xb3\x9f\xd8\x1d\xc0\x00D+\xb6w\xf7\x18@\xe0)5\x1e\xb4\xeb>@\x0cA\x1a%\x11\xc6N@\xaap\xd5,\xe7\x8aQ@\\\x82\xcf\x86\xd7\\K@\xb0\xd0\xfb\xafM\xddT@\xe0\xfd\xf6ji\xfb=@ \xb2\xe2\xb50TK@'","b't2\xafU\xd7\x9dQ@\xc8""Z\x04W\x84A\xc0Jl\xfb\xdfU)Q\xc0'",b'\x9e\x81O;\x14B\xff\xbf/@\xe0\x05\xda\xad\xcd\xbf\xfeN\xbf\x06:\xab\xfd?'
b'+\xd2y.\xf6aH\xc0M\x14\x0b\xe4\xf1\xdfJ\xc0PB\xdd\xdb\x8d\x91=@\xe6<\x82xP{S@\xc0\x81\x96\xcfr\x85.\xc0(\x8d%\xc2\xd9\x90O@\xf4\xbfW.\x82\x8bV@8\x94\xc7I\x1eTA@p\xf8N\xd3\x82zU@\xe2\xde\x0fl\x83c@\xc0\xd0G\xcf\xb5\xaffX@\xeaW\x17\x17=\xbbR@\xc0w\x0eS1\xacQ@$\xd3\xee\xfa_\xb0R@\xc0N+8*\xca<@x[\xa6>\xa7wV@',b'P\xe1dNc\xf25\xc0\x98\x1a\x9dI\xd9\xa59@lj6\x9d>\x008\xc0x\x90\xc5YDK+@',b'\x8f\xbd\xeeJ\xcd\xea\xb8\xbf\xa8\x91\x02\xfd\xab\x1e\xd8?7\xc1\xd3ln|\xa5?\x1c\xd7@X\xac8\xb9\xbf'
"b'\xfe\xa4N\xf2""\x9bM\xc0p\xc0\xa8\xdaV\xb1L@ \x026Y\x18\xe6\x0e@\x10-\x88\xa9\x8d\x00H@\x98J\xb8r#\x13H@\x1f{\xbfIB\xddD\xc0\x91\xfe\xe8\x8f\xe8SU\xc0\xea\xa5\xcbO*3S\xc0\x07\xca\xbf\xc1\xf0[O\xc0'",b'b\xd4\xf0|):U@7\x86\xddz\xfd\xe7S\xc01?\x07\xe0>\xfaU\xc0',b'\xe0\x95\xb2\xed\xd4-\xe8\xbf\xc8\xe4\xaf\nm\xb5\xe2?\x9d\x8c\x9a7\xa6j\xfb?'
b'\xd8j\x1b\x9c\xe4\xb6G@8\xaf\xcd\x07)\xce:\xc0l\xb0kg\xd5\x9fV@\xfc\x13\xbb\xeb\xe4&X@',b'!&\xa8An\x89O\xc0T\xc7h&\xd0r@@',b'\xcb\xd4\xa4\xe9A\xcc\xe7\xbf\xc8\x80\x82U=\x98\xf0?'
"b""\xdba\xa6\xb82vH\xc0\x86\x02\x05Q\x82(A\xc0D\xf9;\xcal\x93Q\xc0\x04\x85\x9e~b\xb7C@\xbf\x08\xd1'\xa69V\xc0\x88\xdd\xacWx\x96H@W2\xdd\x1cP\x16X\xc0|\x8d\xc8\x82z\xaaC\xc0|\xe9'\xb3\x98\xc9N@\xec\xe6\xda\xbb\xa600\xc0\x08\x02X\xa6B\xb1U@\xa8\x00\xd8JV\xceQ\xc0\x80\x18s\x17\x06:\xff?9\xb7\x9c\x89u\x9bQ\xc0P\x9c\xb4(4)S@\xd0\xd8\rv\xea\xaeV@\xad[\xd1\x8b\x8bqJ\xc0\x92u\xc7\x91[\x8d@\xc0$\xa4\xd4\xda\x8e`7\xc0\x18u\xaa\xb3\xf9\x8dV\xc0\xf0\xba\xec\xa7\x9d\x11\x1b@\x90\x87\x89\xf2\xb7\xf2I@4\xb8\xdf\xfcV\xe9E@H\xd2\x80\x19\xf8\x0cF\xc0;\xa5\xc0\xa9&pR\xc0""","b'\xb8u\xcd\x87n\xacW@\xc6\th\xce\x06\n@\xc0,7S\xbf\xd3PK@}.\xd7\xd8:pQ\xc0X\xeb\xc0\xaf\xd1\xbfU@'","b'\xb1\r\x10\x155\xc1\x0c\xc0\x91\xab\x1cm\xcaC\x10\xc0""*9\x03d_\n@~\x8cYy\x94\x91\x01\xc0\xe83\x913\xec\x93\xf1\xbf'"
b'\x0e\xdeY\xf3:=Y\xc0\x00\xaeCBX:H@.\xdd\xc42\x82 B\xc0\xc0\xde#\xdfY\xc5\x01@',b'\xee\xbcx\x8f:\xccQ@\n\xbc\x94(]~X@',b'\xd0\xa8\xc6\x066\xf5\x07\xc0v`i0\xc1\x14\x13\xc0'
b'&\x99\x9eN\x83\x11X@\x10@M\xcd*\xbe7@\xcc\xa4\xf7\xed\x9d\x0f2@ \xbc\xecy\x8d\xf32@',b'\x18C\x07uc\xc8J@\x04h\x12\x13L\xa0H@',b'\x86E\xe2\xb4\xe2J\xbc\xbf\x16\xdf\xc5r5\xa2\x05@'
"b'\xe0\xad\xad\xe1m\xf4\x1f@(\x85\x8eg\xb6hP\xc0\xd8\x1a\xd0R\xf9\xd6Q@\x06\xc6X\x02 vT\xc0\xbc\xa2$\xbb\x0f\xb4B\xc0=\xc8\x91Ev\x9aJ\xc0d\xb9\xa4\x96v\x88F@ \xeb\n\xfc\x94>E@\xe0\xd5\xafk\xcd\xad\n@\xf0\x16\xb6\xe3}\xf6+@\x88\x15\xacMAF=@\xae\t\xbeg\xa8\x95I\xc0\xd5\x81[,e\xb1U\xc0L\xba0\x96\x81\x84A@\xb8\xa6\xf9\xdc\xa2\xb4;\xc0\x80\x05\x01\xe6y\x0bG@\x10\xca\xd1\x01""cS\xc0@M\xe7\xb4\xb9\x13(@\rwl\x04\xda\'I\xc0\x89\xb9\x90\x83\x10\x05H\xc0:E\xdbCS\xd4U@\x80`\x96RK\x98\xe7?\x84""\xdf(\xa2\x1d4\xc0H\xeco\x84\xca\xe1?@\xbc6(\xe66\x17A\xc0'",b'\x9c\xdb\x02\x0e\x18]W\xc0\x13.\x80\x00\xa1\xb2C\xc0\x1cWIwB2N@\x99k\xadzB@S\xc0:\x18+\\!~R@',b'\x95\xed\xc3\xa2\x8a\xe2\xf7?b63\xad\xbba \xc0\xc0b/\xa0\x82\xda\x19@\xb15\xb5?\x80i$@2X\xae\xc2\xfd\xc0\x1c@'
"b'\x90[\xaa\nK\xc54@J*n\xfe=[P@|\xad\x12x\x93;8@\xac^;\xa1m\xc2L@\xac\xd5\x94\xe5Z\xf1W@\xe4\xa7vRg\x03W@c\xc5\x14>\xf65M\xc0\x88\x8d\x8e:\x07\x11R\xc0Lo\xa6%,\xd8V\xc0\x10\xfb\xc9Sq\xc3E@\xf4\x12\xa2\x19W\x996@~;[4\xd8\xf5V@R\xec[\xcct\x06E\xc0h\x8d\xc3\x1b\xba\x12A@\x1b\x7f\xaa3\xbf\xbcU\xc0=\x84\x87\xfe\xca\xc7V\xc0@\x0cE\xf2\xdaG@\xc0\xd0l[A\x88\x12?@\\\x8b1\xc2\x812V@$g\xeaXt^S@\xf2\x0f\xf1\xf6}\x9dQ@\xc0G[a\xecP\xf9?\xe0[\r\xa7x~\x0b\xc0\xc2\x98*\xb2\xb2\x90G\xc0\x04lp\x9c\xc7dQ\xc0'","b'\xe8\x7f\xc1\xc2]S3\xc0x{\xde\xe2T\xd7>\xc0\x94\xe3rCF\xa0O@6\x12\xb7\xc0""\xc4T@\x00\xf1\x9c\xe7\x8f\xd6U@'",b'\xfb\xd1\xea(\xcd\xb4\x03@\xb8\x1f\xdb]\xf1\x85\x03\xc0I=lH]\xa4\xc1?\x13\x00\xc7\x05\xed7\r@\x0c\x9fBH\xa5\xc1\xf4\xbf'
"b'@\xceJ\xb5T\xfb\xff\xbf\xe0\xe7@\xe0\xc2;O@p\x1c\xb8\xbf\xb7\xf8Q@""\x8e\xb2\xc7\x0b\xcbW\xc0\xf84\xd2\xfa\xb9D1@D\x8c\x12\xc0f\xd6;\xc0\xec\x81Y\xa2M\xe21\xc0\x9c\xc4NO\x1e\x8aQ@\xf9\x91\x18\xfa\x83\x8dF\xc0'",b'\x00\xab\xa6\xefU\x92;@\x04\xae\x80\x8ce\xa3F@\xec<[\xcc\x1e\x9aA\xc0',b'\xc8\xf0=\\%\xa3\xe6\xbf\xe1D\xd8\xfa\xeef\xd2\xbfqCx\x12\xb1\xa3\xe3?'
b'X\xad\x1f\xcc{\x0fV@\x94\x1fY\xfadBS@\xf5\x1c0\x01\x9f;V\xc0\xc0A\x7f\xe6\rYL@(:Y]\xb6j.@ \x10\xbd\xe6\xcf\t9@\xe8\x12\xc5\xe8!\x93O\xc0\xe0\x8ba\x95:\xc8\x17\xc0`+\xa8\xc3\x87RT@\xb0>\xac/sK\x1f@w\xc5\xef;`FO\xc0\xfb\xe6\x8d\xab\x1eyU\xc0\x046\xad\x94\xc3\x0b>\xc0\\A\xedv\x8d}Q\xc0L\xfc|\xd92$8\xc0\xea\xca\xe9hJ\x86V@\xcb\xa9i\x0b\xf4\xe8K\xc0\x18\xe33\xa9\xfa\xee?@&\x93n\xcde\xeaL\xc0\xcc\xd6\xcf\xbf\xf0\xd4<\xc0\x94\xa3Lp\xa7\xd72\xc0\xe0\xfd~\xbc\xda\xf9X\xc0|J\x8b\xa8\xb3\xd3P@\x989\xbe=\xb8\xc81@$\x87/\xe9FAO\xc0',b'\xb0R\xd5\x04\x98\xe6R@\x1a$\x10@\x01\xb4V@0\x92fK\x80\xa8V\xc0\xf8 \xaf\xa6:\x0fQ\xc0\xa9^\x00E\x07.S\xc0',b'2\xe1|>\xb3\xb2\xc6?\x82g\x15\xd1\x8f\xc9\xc3\xbf\x99\x1b\xfcy\xd3\x85\xa0\xbf\xf9\xba\xa5[\x16 \xe9?{f\xd1r\xbd\xc0\xf9?'
b'\x8c\xccz\xb6\xb6\xfaQ\xc0\xf0\x04\xccQ\x8a\xfe\x13@@$\xca\x7f\xb6\x8f\x0b@\xc0`\xa8\xdd\xa7\x80E@@\xe4\xcd\x9b\x81\x06#\xc05\xa9\x96\xb1*\xfaQ\xc0<\x11\x7f\xe9VFB@H\xde\xa7\xeb<\x81&\xc0\xd42\xb1\t\xb5/K\xc02\x9d\xa6p\\BW@|9\xcf<I\xdfW@\xbcU.f6\x9fN@8\xa5Z63L&@\xff/\x06q\xf6\xa1S\xc0\xda=CC\xe9\xd8P@\x90\xce}\xcc\xc0NJ@',b'\xf8\x91#(\xb9mM@\x80\x13\x06\x0e\xe1\xcf=\xc0\x88\xa4\xe5b\xe5#-\xc0d`\x9d\xad3FP@',b'\xc7tG\xee\x91F\xc9?\x8a\x8c\xe4\x91t\x94\xd5\xbf\xff\xe8i\xdd\xfe\xdf\xeb\xbf\x1cx\xecs\xc7\xec\xfc?'
"b""0\xee\xc7&\xd6\xa2'\xc0h\xf0\xd9\xe3\xe9\x03B@m\xcc\xe1\xc6Y\x13C\xc0@\x96\x97\x03n\xb1X\xc0""",b'\xfat\x14\xf92\xb2@\xc0J/i\x952\x97@\xc0',b'\x882\xf1\x9f4I\xfc?z\x0eZ\x0c\xc93\xd6\xbf'
b'@\xc5\x88\xd3+\xec\xfd\xbf|\xdf\x14A3\x87T\xc0\xde\xd4N\xc1\xf6\xadM\xc0E\xb4\xfe\xeb\x87\x80V\xc0(aMR\xa0\xceN@\x10\xaa(Q\xf9\xf6.@\x04 W\xd3K}K@.\x8c\n\x89VLQ@\xbb\xf8\xf9\x98\x8eIF\xc0\xbc\xed3 \xdet;\xc0\xcd\xc9\xad\xb2o\x7fR\xc0@S\xc6?\x88c*\xc0\xeb\x05\x8d\xa6\x1e\x9aV\xc08\xa7\x05\xf5`\xad+\xc0\x94i\xb7\x95\xcc\xb5G@\xfeR\xe17\xfbiQ\xc0',"b'z\xf0\x9f\xebb\x88M\xc0\xf4 \xb2\x8a.o5@\x08\x83\x83\x8a0C8@[0l\xb9a,H\xc0'",b'\x0bn\xd13t\xa4\xd1\xbfnu>\xf1\xd6\xb0\xb6?B4\xf4\xa4\xbc\xa3\xd5\xbf\x05\x91\xc6\x0e\xfa\xba\xe9?'
b'\x98\xa8\x03\xabR\xac?@tEH\xd5\xa7\xe95\xc0tc\xa7\x0f^\xa2P@2M\xe8\xa4\x19\xedW@z8*\x06\x89tQ\xc0H\x0e%5\xfa\xfdQ@/\x7f\x0c\x81\xfdfM\xc0\x1b\x15\xad\x8e\xeatV\xc0x\t\x14Pe\x1aU@\x84V\xaf\x00\xa6\xeeJ@\xf9\xc2C\\\xfc\xcbJ\xc0\x10\xa3\xf7\xaa\xe00\x17@x\xe5\x9b\xe7\xce\x8d8@\x16\xbc\xb7\xd0\xc16W\xc0\x96\xef}|\x0e8X\xc0\x979\xad;\xf0\xe1X\xc08\xab\xfa^\\\xf2<@@\xbc\xa0\xc8\xf0\xf0-\xc0\x01\x9dg\xba\xd9\xd8O\xc0r\x92\x9d\xc6j\x18R\xc0\xcc\xa6\x18\x13enA\xc00\xb9?\x82X>0\xc0\x88\xc2\x93\x06|iE@\x8c\xecp\x07\x8c\x80V@\x88\xec\xf8\x9d\xa0\x8fF@',"b'0\x0c&$\x85\xbf)@\x84\x0f%\x9c\x85\x7f0\xc0,\x94aE\xcfcV@#JT\x01t\x08G\xc0b\x08\x83\xee\xe7%R@'",b'Ab\xb7\xe8\xa8\xb7\xe2\xbf\xce\x8f\xb58\x9b\xe1\r\xc0\xae\x08\x8e\xcc\x9c\xc8\xf7?\xc3k\xc2\xc0\xe2\xc4\xf1\xbf<q@\x11\xee\xbc\xe3?'
"b""\x18l\xb9\x01,\xa4=@\xcc]\x93\xc8E/A@\xb6}\xf2}\xfc\x83P@\xc9Q8\xd5'#S\xc0""",b'\xe0SX\xe5\xab\x1dB@\x00\xbcT?E)M\xc0',b'\xd0=\xad\xdf\x0b\xaf\xc5?!Ad&\x13\x0f\xed?'
"b' \xf1\x05i\x8d\xeaR@8\xf7\xc6H>\x8a@@\xdc\x14$\xdb\x0c\xdc?\xc0nL\xdd[\xa0\xd0G\xc0\x84\xc7]Q%\x92H\xc0B\xa8\xae\x9b`\x80W\xc0X\xa6!\x05\x8a\xc8G@\xe6\xf3\x83\x96\xdd\x06M\xc0n1\x85\x8d\xb2pU@\x15\x9e\xf1\x16\xe5mM\xc0\xcd\xc8\xa9\xdfC\x93Q\xc0\xa3\x87\xa5\x84\x19MS\xc0\xcew\xd3b(\xa3E\xc04t}\x91m\xe8F@B\x93|\x13\xd6uQ@ V\xe1\xd1i\x19\r\xc0d,(\xef\x05$5\xc0\xe5\xed\xe0\xa7\xa5^W\xc0Yw\xcfC(\xcaT\xc0\x00\xad\x9c&\x8f\xcd\x06@\xb89\xff\xe6\x9ecH@+\x98-@1PT\xc0\x8dB\x98\xf8\x1b\xd1G\xc0\xf8\xa4\x04\x10\xce\xe5A\xc0J\xa2\x9b\x8c)\x83V@'",b'\x8e\x8f\x0b\xe1\x85\xbbC\xc0\xb8\xa0\xe2\x9b\xa5\x96N@{\xfb\xad\x84`\xc4F\xc0(\xb1n>\x11\xc5N@\x10\xb6\xe9\xdej5T@',"b'-H \x06\xaa\x1d\xdb\xbfu\xe1\\{""\xbc!@\xfd\xb6\xccc\xaa\xb0\xfe\xbf\x98\xaf\x99\xb4E\x91\xe1\xbfG\xaea\x19\x0b\x95\x1f@'"
b'\x0e\xb2\x98\xf7\x13\xf6U@\x94\x85\x94\x82\xf0\xc3W@\xc6\xc8\x91\x0e_\x11X\xc0{\x81\xa9\xffr\x9dT\xc0\xc7\x86\xdbAq\xdbQ\xc0\xf4\xf6]\xd7\xb5^<\xc0\xc8h\xea\xfbN\xb4;@\x11\xfb\xff\xa4>\x94K\xc0Vv\xe7F\x88xP@',b'\x87G\xcd\xd0\xc8AX\xc0\xd1V\xef\xf2e\xc9M\xc0\xa0\x06\x0f\x10\xe4[\x00@',b'O\x03\x80\xd6]\x03\xec\xbf\xa4\xbf\xb9\xa4\xd9>\xf4?C\x94\xd8\xa4\x10V\xf7?'
b'\n\x1a\x1f86\nY\xc0\x80\xdd\x84J\xec\x1f\xfd? \x99\xf3<\x8b\xc7\x1b@\x1az\xa2\xa7R\x9aS@',b'n\x0c\xb2)\x98\x1cM\xc0\xd5\x1f^\r\xf9lG\xc0',b'Q\x85\xc76\x989\xe2?e^\xceh\x03\xbc\xe4\xbf'
"b""\xb0\x98\xc3\xa7\xbe'#@\xa1\xf1\xd6\xcd\xae\x9fP\xc0jq\xc3P\xf7XU@\xa3=2\xa13\xc3P\xc0\x10\xa57\xe8F_8@(1\x0b\xca\x9e\xe2O@,,\xdf\xd5\xaa\xb70@ \x8a\xf5\x95\xbfL:@\x00\x9d+r\x07\xae5@""",b'x\x9ep\x11;(.\xc0\xc0\x89\xe6\xb7\x05\x815@\x84|\x1a\x01\tYA@',b'\x0c\xbeq]\xcb\x94\xd5?\xc6(\x9e\xbde\xfa\xe8?\xfcjN^\x0f.\xd9?'
"b'`\xab9\x9d7\x03@@,\x14\x9d\xae\xe9\x83S@6\xddG\xf8n,U@\xf4=6\x194ZI@p\xf6SY6\xf4H\xc0$\xbf1\x12o\x80S@\xf2\x0cs\x85f\x9eE\xc0\xf8M(a\xbc\x81$\xc0\xd49\x8eoZ\xc8G@x\xd0\x12\xdf\x08\x0f @\xb0\x8cp\xaaa\xc09@\x80\t\x97\x16`\xa1\x1f@|\xd3\x9c\xda\x99O>\xc0\x985\xddQ8\xb9(\xc0J\\U\xa2\xc6`T@\x80\xc7n\x00\xd1\xbeC@\x88\x9d\x1af\xb73G@\xd4?\xb9KN\\C@\xe9\x93`A\xc6\xc8N\xc0\xc2v\xc1\x93\xd8EA\xc0%\xa0\x07\xbaT\\G\xc0\xdc\xd8\x99\x10}#P@8N2\xf7\xf7yD@\xc0\xe61\xd7Ra\x18\xc0*Y\xd6k\x93\x1cB\xc0'","b',\xf9\xff\xcdb\xa9L@P\xa5\x857\x87\xb3\x19@6\xf2\xfdQM\x8eG\xc0,\x1a\xb0\x8f\x11\xcc2\xc0`\xe2h\xc4\x03\xf0K@'",b'q\xa0\xc0qv\xc4\xd9?>\x91\x12kG\x9a\x03@\xb2jfWU\x02\x0e\xc0n^\x03\x03\xc4\x18\xf4?\xd1\xcf\xf5e\xa2-\x01\xc0'
b'2\xe2N\x7fGrR\xc0\xb0\xec\xb1\xaa~\xf8A@\x94\x18\xcb\xa9\x0b;6@D\xf99)\x9c\xd20\xc0\x90q\xbe7\x9d\x1dR@P\xd2\xf8w\xb09>@\x04#\rg\x8f\xdeO@\xe8?I\xba\x19\xde2@\xdb@\x07\xc5\xfe\xf1M\xc0',"b'\xe0\xb2+\x87,\xa5=\xc0\x10\xc3\xef77\xfd\x19@\x82O\xd7\xfa\x80\x19X@'",b'\x8e\xc4w\x99b\x08\xd9?vi\xe5\x14\xa9.\xe3?\x12BA\x01G\x12\xf0\xbf'
"b'Xt\xf3\xec\x7f\xddS@MS$\xc1\xd5\x18T\xc0\\\xc2\x1b\xb4\xd3\xf9:\xc0Au\xc6g#US\xc00\xdfz\x03\x8aoR@\xf8\x9d%{\xa1\x06=@\x95\x04VX\x99\xf2H\xc0\x98\xee\xcf\x1aar*@\xa4\\.\xc5*\xc9F@\x9a\xecN\xdf5\xf9N\xc0\xbdQ\x19\x86R{X\xc0$Np\x83\xf0\x0eR@\x80:\xc7k\xe0\xa6\x1e\xc0:v\x08\xce,\xa6W\xc0&\xa1\xcdi\x93 T\xc0\xd9q\x0e\xf0\x00\xfcJ\xc0Hl,{\x99\xbc<@\xe8\xa3\xf7\x10\xa7\xba6@t.\xff\xf3qMP@L\x03\xa3\t\x1a\x0c1\xc0\x04\x13z\x86o""@@\x88\xeb\x1b\x07\xd5\x0e:@\xe0bl\x87ic$\xc0\x1e&\x12m\xd9\xe0S\xc0T\xb9\xa0m?\xc9E@'","b'\xa8\x9a\x04\x02,nT\xc0l\x15\xc3\x85\xbc.@@\x90V\x13-\xf0\x9fF@\x80b\x04?\\\x98\xe2\xbf#9\x1d7\x83BV\xc0'",b'+\xef\xb3\xdb\n7\xb0\xbf/Y65\x91\\\xde?yh|\xe77\xcd\x15\xc0bm\x9df\xf0i\xf5?\xd2\xd2\x88\xd0h\xcf\xf1\xbf'
"b'\xb5\xd4\xbf\x11\xcbGD\xc0\x9c\xab""\xd1\xb2\xeeR@\xe6~\x82\xb6+\xe0E\xc0\xab 15\xe2\xfcV\xc0{\xf1\x92\xe5}`F\xc0d1\xde\x03i\xa9<\xc00l\x05v\xff\xd20@\xa4\xd8\x15z\x17s1\xc0\x8cV\xb1\xbe\xff/F\xc0'",b'\x0c3wV\xa8\xacD@\xd8\xe5\xce\x197\x85K@\xc8\x82f~\xa2(I@',"b'\x0c\xac\xfe\xdc\xceJ\xc4\xbf\x8f\xc2\x06\xf0g\xdb\xc7\xbfi"" \x91\x81\xee\xf1\xbf'"
b'`\xbfc\x9a)o#\xc0\xe3\xb3\xa8\x86\x00\xa0F\xc0\xa8\xf2u\x81\x93\xb6A@\x00\x84\xa4\xdc\x92\xc6\x0b@',b'\x90!+MC.7\xc08|\xba\xb3\x90iA@',b'\xe8\xe8/7\xde}\xee?\xe87\xdcu\xb3\xb0\xd3?'
"b'\x90$\xfcxD\x901@4\xee\xa05q\x08X\xc0\x08\xae\x1e.""$%\xc0\x98\xfc\xf5U3\xf8<@@FEp\x82qR@Z\xeeq\x18\xd3}N\xc0)v\xed\xa8\xa0\xb5M\xc0\xf0x,\x92\x94\xae?\xc0\xccC\xf66\t\\S@'",b'\xb0.`\x15\xe2\x83G@M\x00L\xd1/\x89W\xc0\xb2Kp1UWV@',b'\x08\xf7/\xbc\xc0F\xd8\xbf\xe7=\xc5\x8a_\x02\xe4\xbf\xac\xca\xf8V\xa9m\xe3?'
b'\x04\xfb\xf0\x0f\xe4\x00K\xc0\x10\x88>B\xa4\x83E@\x14\xb1>\xf0^tP@\\\xa1(\x892!@@dL\xf5=\xa9\xa2W@(\xb9\xc6J\xf5IV\xc0\xd0%7\x89m\x89W@G\x1eNY\xc9fG\xc0b_8\xd3\xf1\xcaR\xc0',b'XA\xc1\xb4\xe0\xf3W\xc0\x98\xc3\xc6J\x9d\xe4<\xc0\xb0\xbbQZ\x12\xd19@',b'\xfc\xaa\x06E\x01\xa0\x03\xc0\xa1\xbd|a\xa2\x1d\xfb\xbf?74\x98\xa2\xe2\x02\xc0'
b'\x17\xc4\x03(2\xb3C\xc0:\x96\x1dh63A\xc0<\xc7\x19\x17\x1e\x829@\x904\xed<\x99F@@\xae\xcc\n_\xdd\x85V@\xda\x18\x83\x80\x05KU\xc0\xc8\tA5\xff\xbc*@\xd6\xaf\xd4\xf2\x16JT@J\x99\xdf\x18\x10mL\xc0',b'\x08r \xf0\xf7\xcfK@\xbc#\x7f\x11\t\xb7:@\xbc\x9e\xa2{8\x081@',b'!\x88b\xca\x80\x16\xff\xbfV\x8e\x00T\xc9\xf0\xe9\xbf\xe4\x9b\xe1p\x8a\x9e\xfe\xbf'
"b"" \x95.\xda\xcf%S@T\xd5\x8e=\x84\xc3L\xc0\x8e+-\xe4L\xd6V@\x08\xf8\x95\xf0\xfb\xe8T\xc0J~\xe3Z\xd2\x16V@|%\x97\x13\x8d\xd9P\xc0\xee\x86\xfa(xkV\xc0\xd8\x81\x8a\x02\x86\xcd3\xc0\x12|F\xa7%#R@\xc8\xc1|\x97\xa7C;@\xa8\x1c\xbfUe*!\xc0\x1f\xf9\xa0\xd7\x1d\x0bH\xc0'z\x8e\xb0\x15\xe5Q\xc0\xbc\xb4\xe2\x00\xbd\x0fK@\xd4\xdf\xf5n\xb7QI@\xb0\x81\x9d\x80\x14\xbf\x18\xc0""","b'Z\x92\x1f\x91\x99\x94S@\xa8\xca\x16\xfa\t\xfc1@\xd0\xa5),\xc1\xddA@\xa0\x93\xeb\xa7\x0b\x12F@'","b'\x15?\xa40J}\xed\xbfM\xf9g\xa2\xc1\xf9\xc9\xbf\x14\xc2\xbc\x1d\xda\x9c\xde\xbf\xf0\x0c""\x90\rN\x01\xc0'"
b'\x80W;\xb2>\xb8P\xc0\x84\x01:\xf8-\x02V\xc0\x9a\xbb\xf0\xd3\xe4\x14U@>\xc6\x9cR\xc32B\xc0\xb8\x03\x0fG\xf3\x841@\xc8\x9a\x1e\xac\x0cL!\xc0p\x03\xb9\x9b\x08\xa8\x1b@\x14\x07v<\x9e\xcf5\xc0\x88\xbcsa])W\xc0',b'\x84\xb2\xad9\n\xb5T@\xf4\xb85<\x93\x17E@\xd1\x01M\x1c\xf0\xf3H\xc0',b'V\x18\xdc\xcb\x8d\xdd\xf1\xbfV`JK\x10\xf1\xd1?\xd2fC\x10\xfa\xea\xd8?'
"b'\x82"">\xa2Y\x10P@\xc6z\x8d\x04<\xaaV\xc0$O%^\xd3\xff7\xc0\x94\xa7h\xc7jE<\xc0\x0cv\xac\xc9\xb0\x83H\xc0h\xbe\xee\x1a\x837B\xc0\x90\x8b\xafv\xba\x1fU\xc0\xf8\xf5V\xf0\xa4MT@\xdcg\x9c\x9e\xd4\xb0K@\xec\x834\xb1\x0b\xf13\xc0w\x16\xd7\xc4i\x90X\xc0\x99^\x13t\x99\x1fS\xc0@\xaf\xe0NP\xbeF\xc0\x9eK\xa1C \x0f@\xc0\x8a\x16\xb9&n\xe9I\xc0\x88\xe7\xb4>\x0c\xe9N\xc0'",b'\xf3\x8cB\x7f>\xe6B\xc0h\xdbL\xd1\x8e\xf4?\xc0\x00%\xea\xb6\x89DN\xc0\x80\x19Y\xd7\xf2a\x1a\xc0',b'\xa0\xeb%\xaf\xfb\xb5\xd5\xbf4\xe8\x90:\xca\x80\xb3?6\xaf\xd8Cf\x01\xde?\xcf\xcd\xec\xd9\xe9\x88\xb3\xbf'
b'\x10]\xb1\xf4-\xc1W@\xe6\xd3h\xd0\xc2XV@(\x98\xe6G\xd3)1@)&D\xb8\x11GR\xc0\xd6\xaa\xe4\x1e\xd2\xc9A\xc0\xc8\xfbSX\xb1\\9@\xd5\xa2\xba\x82ueV\xc0\xbe.\xe3D\x97\x16U@xs\x8fB\x81 P@\xec\xae\xe8\xb5\xe9\xaaM\xc0\x10_:\x12\xe9;R\xc0r\x14y\x17\xbd\x10V@\xc6\xf4\xbe\x87\xd7\x02W@`PA\xbe\xf0IV\xc0\xbcwu^\xbb\x049\xc0|\x9d\xe79u\xcb5\xc0',"b'v\xc7\xdf\xb0^:W@\xe0&&G\x1ef6@\xc0\x0e\xb1\xca\xff\x93V\xc00@U\x00F""\x13\xc0'","b'\xf5\xec\xe3\xe0.#\xdc\xbf\xbf\xb8\xd8"">\xd5\xdb?\x7f\xf1w\xf0\xf5]\xf8\xbf""\xc3>\xc0U\xb0\xfa\xbf'"
"b'\xa8\xbe\tl\xc1\xe5*\xc0D\xb4\xa6C\xa1?R\xc0\xf2\xc9]`\x14\xdaW\xc0\x8c\xfe\xe7*\xaf&1\xc0\xe8\xc4>\xaa%""G@\xc0\x97i\xa1O\x1c\t@D+\xfa\xf9y/E@\xdfyQ(8\x18W\xc0\x00Gr\xce\x1c!\x07@'",b'T\xf1\xd1\x80\xa3\x00Q\xc0\x10\xd2\xaf\xd3\xba\xc3\x14\xc0@\xf0\xd0)\xb3\x04D@',b'\xcd\xa2\x0c|$\xd2\x15@\x9d\x9cR1*&\x00@\xff\xa8Q\xf3\xda\x9b\xf9\xbf'
"b'\x8c\x0e;:\x9e\xf0I@\x80\xd1\xdb\xaep\xeb\xe2?\x00\xa2\xd0,\x8cx""\xc0\xa0\x838\xb78\xe8C@'",b'.\xd4te\x92\xdfX@x\xe2\xe4\xe1K\xf2W@',b'\xc1)\x05\xa7r*\xfe?\x93\x15~N\xc8\xbe\x06@'
b'R\x8c\x0c\x9f\xeb\x9fP\xc0\xf8 \xc3\x08\x9cc?@<\xb8\x9e\x9c\xbd]M@\x0e\xfaw6\x93FX\xc0',b'lu8\x16\\\x8e@\xc0\xc0\x98\xa0\xdam\x90B\xc0',b'H\xfa\xd9\x88ab\xee?\x94]wR\n\x9d\xee?'
"b'\xe3\xaa\xf8\x02a\x04C\xc0\x90\xc9fK}T""@\x1080m\x01\xc6""@=e\xf1\xbc\xbd1F\xc0'",b'`\x08\xa0B\xad\x7fN@\x9a\xe3s\xf0c\xb2R@',b'\xb9d\x95m\xf3\xf0\x00\xc0c+\xff\xaf\xa8\x0f\x01\xc0'
"b'\x08|\xf5\x86i2J@is\xcf%\xed\x87L\xc0\xc0/ #gR\x11@\xd0Xn\x99L\xd92\xc08\xf1HT\xba\x15G@|\xa1\xc3\xf97.1\xc0.r\x0f\xcc$\xa2Q@T\xce\xf2\xf2\x05\xec:@\xf6\x1aq6f\xe3Q@DZ\re&\x9fW@\x9c\x98\xe8\xc8\xceEG@\xc0\x10\xe2\xcb\x17\x8a<\xc0\x10\x92,\x80\x18\xe7\x1f@\xfc\xe5+\xc8}@L@\x88\x1b\x87\x86+\x81U@n\x89\xb3\x1d\x808G\xc0\x1c15U\x98\x011@\xae\xfbg\xefS\xcdV@X\xac\xfa\x92\x14\xb8K@x\x1f\xdd|\x1e\x99 \xc0\xf8xJ]\xa4\x06J@\xca\x8a\xd6\xe5\xc6\x8bU@\xc0~\x12`\xdb\xdd\x00@T\xbbZ=\xa4\x92J@x<\x1f\xd8\xd8z(\xc0'","b'e\xd0""g[\xbbR\xc0\xd9\xb6\xe2\xe3\x9d\x9bX\xc0m!\xdd\x9a%/J\xc0\x95p\x9b\xc0e\x02X\xc0\x88\x05O\xff\x1fjG@'","b'\x15\x89~\xf6\xcb\xdb\xb0\xbf\xc5, \xa3\xcf\x8e\xcc\xbf\x90U\xa2\xf1\xc61\xfd\xbf\xe8yl:s\xa5\xf1?/\tZ\x05]=\xf3\xbf'"
"b'\xd6\xa7/7\xac\x05W@he\xd8\xbc\x89\xd42@,\xfb\xa8G\x15fC\xc0\x00b\xc7*aVB@\xa0\xf4\xa9\xa7\xdc\x9a-\xc0\x9bd\xca\x9fN\x96F\xc0\x10\x9fd^\xb0\x84!\xc0\x00j\xa0\xdc\xeak\xcf\xbf\xccW\xea\xb8\x1a\x938\xc0\xe0g\xe4\x17Hg\x10@\xe0\xcf\x86\xf8b%\x06@\xf6;\xcdgg\xabQ\xc0=\xab\x04\x1b\xb4\xcaF\xc0 \x86g \x99\xdcW\xc0\x1e\xe7\x19\xc6\x89HU\xc0X\xab\xf0\x12\xd8J-\xc0'",b'\xa8\xb3O\xfa\x8694@\x14{\xde\xa8\xc9\xf4A@\x87\x9e\x0c\xad\x07KV\xc0\xd6\x1c\xff`\xd1\xeaT\xc0',b'\xa4\xa5\x1e\x06\xe7\x1f\xf0?\x7f\x02\x86r\x12?\xf8\xbf\xb1\xd5?\x07P\xcb\xff?\xc5\xf7Z\x06Z\xd6\xec?'
b'\xc8\xcb\x13R\x17=Q@>\xd9q\xbd\t\x89S@\xe1\x83\\\xb0\xe5\xc1U\xc0\xf8\xbecd\xf8\x1fW@\x94\xd3\x8f:\x8aw?\xc0\x90\xc4_\x01pC.\xc0X\\Ul#eP@\xb0/\xf5\x8a\xb0\x9fS@\xaa\x0c\xef\xe1]\xe7H\xc0\xd6\xaeY\x87?dU\xc0\xb8\x84Vs\x05\xd5;@\xbch\xf2\xd6C\xdeB@\xf5@\xd81\xe05R\xc0X\xc8=\x96\x91\x15O@\xce\xc2*\x8a]-L\xc0pK(@ho>@7\x11|\xf7v\x96S\xc0P{\x9aa\xc0$X\xc0M\xeeAe`\x1eO\xc0d\x98\x92\n\x9c\xee?\xc04\xa8\t\xfd~(B@\x9azC\x89\xc8\xdaQ@$\x02n\xb7\xe6\x85D\xc0pd+\xffq\x1eS@\x1c&o?B\xb90\xc0',"b'\x8c\xde\xecP+\x19D@\xb2""\xef\xe6\xebvX@@,\xe9\x9e\xa3sA@\xe2\xb4\xf7\x06\x19XM\xc0\x0fH\xd97\xf95T\xc0'","b""\x05\x1d{\xda\xfal3@\xaev\x8dt\xa0\xf10\xc0Z\xd8\xc1\xd9\x11\x030@$\xeeW\xdeq\xf6'@\x12)=\x9d\x85\xb3#\xc0"""
"b'\x8a\xfbGt\x90cP@P\xe5\x10\x89\xba\x03U@\xd6\xd3\xce\xca\n\x1aR@\xa1\xa0\xcb\xf5\xc2\x9cL\xc0+\x9fW\xee@RT\xc06V\xf7D\xae=S\xc08\x17b\xd2^\xa5)@\x00\xd0\xbc\x08\x07%\xce?h\x9a\xe4\xa8\x06\x910@d\x11\x88-xSJ@hMG\xb4\x80AP@\xa8\xe2\xb3eR,Q\xc0\xbe<Qn\xae\xb7P@\xa0;\xfe\x07\x15{K@\nnjA\xd4\x17U@P\x8e\xd8R\xcdu\x17@/\xbd\xe2\xf4\x17CD\xc0\xe2;\xc54\x0c\xe8S\xc0@\xc5c\t\xcd\x04\x08@\x10\x8c\xcdr#\xacE\xc00\xd8|\xc3\xe0\x90<@\x82\xc1\x95r\x05\x85R\xc0\xde4\xcdQ7\x91T@\xd2DN\x84\xf0aH\xc0\xee/\xf9M\xb0\xeeQ@'",b'(\x7f\xb2\x1c\xc3JR@\xec\xd6E\xdeX\xd8U\xc0\xb2t\xba\x11N$M\xc0\x0cX\x98\xab6|X@\xf4\x82lm\xb1F4\xc0',b'\xf3\xbbW\x10\x01\xc8\xf8\xbf\xa7\x8c\xb8\xe3\x8e^\x03\xc0\x14\xc2\x0c\xaf\xba\xc9\xfe?F\x95\xf2H\x81\x95\xf0?z\xcd\x0e@bY\r\xc0'
b'\xae\x16\xa0\xe4\x19oP@\xbd\xff\x16\xfb&iM\xc0\xa3\xfb\xa9$\xa0\xf6U\xc0\xc8a\xfb9D\xb4+\xc0\xc0X\x0c\xb16`O@\xa8\x1e\x02\x1dA~V@H\xd73\xd2A;B@0\xdd\xf8$\xda\xa3#\xc0\xae\xbd\x86B\xe3)T\xc0\x00l\xcf\xd6\x93\x04\xdc\xbf\x98\x8ez\xe9xl@@\x17\xbb\xa7\x81\t\xd8G\xc0X\xacu\x12m@Q\xc0V/\xec\x87z7V@\xb0\xa1\x90\xfd\x12/$\xc0\xa4\x1b3\xe3\xe7eH@',b'\xbc\xa7\\bF\x0e2\xc0\x10\x11p\xb4\x1b\x01F@\x88\xce\x83\x07u\x806@<\x86<\xb5\xa2\x9cF@',b'\xe9\x02\xfbV)\x88\xbf\xbf\x15=\xfe\x1aI\xf4\xe3?j\xf5r\xdc\x0b7\xce\xbf]\x8c\xe5\xf3\x85\xa3\xdb\xbf'
b'\xab&\x18\x85\xf5\x91L\xc0\x94\xedj\t\xa6\x890\xc0\xff\xb1D\x95\x89vJ\xc0V\xd3\xab\x80\xd4\xea@\xc0',"b""\xa0\x1fBA'\xb5O\xc0x\xfa\x96P\xab\x1fC@""",b'\x9e\xf1\t\xba\x85\x01\x05@j\xeb\xa5ex\xf3\x14\xc0'
"b""Fz\xfdq\x05\xe6A\xc0\xe0\t\xce\xe7\xe2;?\xc0\xc5\xd2\xad\x17\x87!D\xc0z\x87\xeda\x10#X@\xed\x0f\xe1=\x19\xe7S\xc0\x0c?\xa9\n\x16\xfcK@\xe8f\x8b\xad\xf4r=@\xb0\x0e@q:\xa7\x16\xc0\x80\xba\x82\xbb`QK@\xba\xf1!\x0e\xa5\x00I\xc0\x94\xd8\x00\x94C\x8c6\xc0p\x7f\x8d\xc1i\xd6&\xc0\x14\xfe\xf9X!\xf3V@\xc8\xba`\xa5\x8c\xaaB\xc0\xb6\xfa*\xc1\xfc\x82V\xc0\x88\xb6\xf8\xa9&\x1f:\xc0\xaf(4E\xfc\x81C\xc0\x80\x1f\xe95Q\xf0\xe2\xbf\x10\xa9<S@\xa0%\xc0\xb0\x80\x86\xe9\xb1g@@I\xef^\x10I\x98K\xc0Hr\xe9b\xa8^<@2G?4\xfaTL\xc0\x88'\x8dpa\\R@\x00\xa8\xb5t\xb4\xd1\xfb?""",b'\xb6\n\x7fb\x8b\x80V\xc0$D5\x8a4_P\xc0A\xd6u\xec\xe3ZR\xc0\xe4\xdf\x00$\x8a>2@\xf4\xcd\xd5z\x8e\x089\xc0',b'\xcc~\x80\x06E5\x95?\x15\xe5\xb9u\xab\xd5\xa9?j\x89E\xe4\xb2-\xf0\xbf\xdfs\x006\x1b\x17\xf2\xbfbB\xdbF\xba\xef\xce?'
b'\xa0\xbc\x9e\xfe\x01\x1f\x0b\xc0\xbc\t\xbaB\x04\xe7X@\xd6\xd5\xefcb\x94T\xc0*\x1f\xa4\x90\xfc>X@',b'\xc8\x8e\xce\xb4\x05_ @\x0cw\xfe\xb3\x97>:\xc0',b'\xb9m\x1d\xf83\xb6\xdb?\x1a\x1f\x1c\xceP\xcf\xb8?'
b'Ry.\xb7p\xcfA\xc0\x80\xc8\x97p\xef\xec.\xc0\x80\xb3\xb2\x83A$\x0e\xc0D:\xcc\xafm\xfbQ\xc0',b'\xde\x9b\x0c\x15\x0e\xb4V@0\x9e\xfa#\xd35\x1e@',b'$\xc2\x86tB\x7f\x04\xc0\x14jl\xe4l\xe8\x9d?'
b'\xc8G\xc0\x1dph&\xc0\x0e\xc3\xb8\xc4\xaa$R\xc0<IJC_\x00P@\xd1\xbdg\x03\x18\x17I\xc0',b'\x8e\xe2~\x8e\t\x99U\xc0\x1e7\xb0\xae\xa2RV@',b'\xb1\x19\x99\xaf\x92\x9d\x00@\x92\x0ey_\x18\xd5\xeb?'
b'$ \x1aqs\x16H@\x0cQ\xfbBs\xc3K@P\x7f\xb0\t\x97}=\xc0\x04\xb4\xa7\xc3\x85\xabO\xc0',b'\x90\xfai\x88\xb6\xcbH\xc0( \xf2\xe4>:?@',b'\xe9\xacY\xac\xe3\xd8\xef\xbf\xa7\x8c6\x17T[\x9e\xbf'
"b'@\xb1\xabn0fQ\xc0\x80\x0cYC$\xac\x1d@\x1c+\xf9\xac!\xd5<\xc0\x97\xa6\xe6=\xcf""R\xc0'",b'\xf0\x90z\xb7\xa8\x14P@b\x84\xbe\xa94\xc8S@',b'X\x9f:\xcf9\xf1\xef\xbf\xa2\xc9j(\x7f5\xe6\xbf'
"b'\xa9\x99\xa6B\x1c:F\xc0\xe0\t\xf9\x9e\x89\'\x01\xc0\xbcV\xad\xe69\xccC@\\\xc5\xe3\xf8@\xaa5@\xa1\xee\x8aaGlP\xc0\xd6\xc1\x02Y\x7f:P\xc0\xe8iq\xda\xf3\x8e>\xc0\xac\x83\xd8\x85J\xfd2@e\xe6j`\x91\x0eO\xc0c\xad~j\xb9\xdbS\xc0\x91;\x81\x98\xc3\xaeV\xc0\xa0{\xb8Z\xd0{A@""\xe5\x07\x18y\xa0T\xc0 #\x8e\xb9\xd6tL@ <\x0f\xe9C\xf7G\xc0\xf4\x89\xa9\x1fO\xc5T@'",b'4\xad\xdd\xb2\xd6\xdaX@\xde>3\xf7\xad=U@%Y\xfc5\xac\xc0M\xc08\xffmS\xb0:P\xc0',"b'i;\xc4\r\\\x1c\r\xc02|\xf1\x06\x95\x1b\xe6?\xff\x8e%@\x18g\xeb?\xbc\x9b\xc9""1\x7f\x11\xc0'"
"b'\x10#A^\xe3%,@\xc0\x1e\x1aU#\x02H\xc0P\xea\xefQv\xd1\x1e\xc0\xecn\x15\x8b\xabFK\xc0'","b""87\xe6\t\x1b\x7f'@\xb01\r`\x1c\tH@""",b'dL\xe8\xa6\xb7r\xf7\xbf\x0e\x07\xdd\xf14\x93\xe5\xbf'
b'\xe0O\xf6p4\x08G@~lz\xaf[\x89R\xc0\x13h\xe4\xe38sH\xc0@o\x83\x0f\xb0\x1aL@',b'$\xdd\xfd\xd04\x08K@\xc2\x9a%AA\x0cX\xc0',b'\n\x85cmy\x97\x0f@`\xbb\xe9\x88;\x96\xfb?'
"b'\xd0\x99\xd9\x19\xfe\x02\x13\xc0\x1b\x8f\xe7\xb8\x85.U\xc0\xcc\xaf\x94\xcb\x8dz1@\x1c\xd0.\x82OFB@$*\xbd%\xf7\xedA\xc0\xb2\x00DS\xfc\xeeT@l\x8f\x89\r\xc6+7\xc0\x90\xc1\x02\xa5\x85\xd2%\xc0\x90\xfd(,\xbf#W\xc0t\xc4\xe9\x8dT\xe50\xc0H\x9f\x0e\xdfk[S@\xa0\xc5\x05\xe7\x18j\x06\xc0\xb60\x16z\xc2\x03S\xc0|\x9cg\x9c`\x84E@\xd0e\x01n\x0e\xa0N@5,\xe2\x16\\\xa0L\xc0'",b'\x88\xd01>=\x95I@\xb4U\xbf\xaf]\xc4K@P\xfcX\xa7\x9a\x8dW@rWn\xeb\x9aSS@',"b""\xd5\xdd7\xd8\xc1\xfd\t\xc0\xdf\xbb\xc7\xcfs%\xfd\xbf\x8a\xf8\r'\xc2\x05\t\xc0>\x83\xdbJ\x81\xfe\xfb\xbf"""
b'\x98\xa4\xb8H\x8f9D\xc0\x14>N\xa6G)W@\x00\xea\t\x98\x14(\xfd?\xae&\x08\xb8\x1f\x01X@\xe8\x1e(\xe5G\xa6&\xc0\x8cO\x03\x82\xfcqL\xc0\xd8O3zg\x06I@r\xd0\x8fA\xe3GX\xc0\x1a\x0cbe\x95\xe5L\xc0\x88s7K\xc9\x117@\x94\xb0\x17\xe6\xf3\xbdD@\xec\x1c\x16\x13F\x07X\xc0(~:\x87\xce.J@\xe0t*\xabQ\x8a\x0b@\xb4)BZF6U@\x80\x0ce\xf7\xcd\xe4\x18@',b'\x80\xff\xf3\xa5\xee\t;@E\xb6Se-8F\xc0\x90\x1db\x15\x9d\x88\x1b\xc0\xb4\xfd\x07\x12\xe17U\xc0',"b'\xbe,\xf9t\xd7W\xd5\xbf#\tn2-b\xc8?\xf8\x8b\xeeD&\x9b\xe9\xbfq\x84\xa3\xbaD*\x9c\xbf'"
b'pn\xa00\t\x87P\xc01\x95x\xbd\xa1\x07F\xc0?\xd1/w&3J\xc0@\x7f\xe4g\xf1$M\xc0j7\x08\x83\xe6\x9bJ\xc0\x0c~\x07w\xfd%C@\xaa\xa1\xf5>\x05\x1fU\xc0\x92\xf7\x17\x89\xb9\x16U@8-\xa1&\xa4`Q@',b'8Dcf\xc6\x1eN\xc0\xac0\xa8\xd7\x82\x84W\xc0T\x99N\xc4Q\x1cM\xc0',b'\xc5\xb1\xf6\xc4\xba*\xec?L\xcb\xe8|\xd8\x94\xe0?\xda\xdd\x13W\xaaa\xd9\xbf'
"b""\xcc\xb8\xa4;VdX\xc0\xc4\xba)\xee\xc5\xe0I@\xde\xd3$L\x03\xa7T\xc0\xd6,\x9b\xa82\xab@\xc0\x11\x1d\x8e\xb5;NS\xc0\xb4\xd4\xdd\xa1F\x0bP\xc0\xfa\x17\xaa\xd1\x01/J\xc08\xa0\xd0[\x8f4>@x\x91\xdf\xac=4'\xc0""",b'\xd4\xc9H8\x86\xe7Q\xc0\xc8\x97\xc8\x854\xef@@(\xc1|\xe8\x86hE@',"b'\x8fu\x1dRW\x88\x02\xc0\x0f\xe2\xd0\x9d\xd4\x98\xf9\xbf[\x91,`-\xce\x04@'"
b'P\x8e*\xdf\xc5\xc4\x10\xc0\x92x\x02Ek\\P@\xd8z\x84\x10GT>\xc0\xa2\xe18\xb1\xc2=U\xc08s\xf0$a\x1bR@\xd0A\x84\x0c\xdc\xde7@t\xcf\x9b\xba\n\x7fP@\x90\xb9\x14\xbb\x05\x7fU\xc0\x00\x85\xe5\x1em\xbb\xf8\xbf',b'0v\xf3\x87`4(@`(l\xfc\x9f$T@`\x1c:\x0fom\x05@',"b'\xb5j\x85_\x9f\xe69@E\xf6+\xb2N,3@0O\x97\xe78\xb2B@'"
b'xF\xb3l;\xa6/\xc0\x0c&e*\x05\xe81@A\x9c>\xf7\xdarH\xc0F\xa1%d(3U@',"b'pE\x8eTS,P@\xe9\xbd+\x0c\xf0BU\xc0'",b'\xc5$D\xcb\xcf\x0e.\xc0\x9e\xa7F\xd1\x7fV#\xc0'
"b'\xde\x9b\xf7\x9b4pU\xc0\x00\xf38\xa1\xfa\x7fX@\x88@M\xd1\xa1\xf7R\xc0$\xbc\xcf#\x10\xd5O@\xd8\xf0\x96f\xbdqB@<\xb3C\x18\x90\x0cB@\xc4\xaa\x15,,\xfaL@\xd0\x9c\x80$\x98\x90$\xc0\xc0Su\xeb\x93b\x1f\xc0'","b'\xf8\xf1\xeewn\x96S@|\x91`\x89\xaa\xb2V\xc0\xe4""p\x19\x1ar0@'",b'd$\x90\xe0|\xc1\xb0\xbf\xac\x18\x8f\x06:\xee\xe3\xbf\xef\n\xfeO06\xfc\xbf'
"b'\xc29%\xf0\xe5\x85P@\t\xd9(\xe4""\xddN\xc0O\r \xca>\x06N\xc0V\xb5\x16;\x91\xb1V@\xe0""\xa3\x9e\xa6VU@z\xae#}\xd4\xdaQ\xc0 @\xeb\xb2\xae\xbeE\xc0c.\x94\xf9=\xc8Q\xc0m\xb76\xd5\xda\xf9C\xc0\x1a\xba\xa4X&\xc3P\xc0\x13{A\xc4\xb7\xfaV\xc0\xbc\x02\xe8\xfc\xcad3@T\x88\'\x12\x98\x81R\xc0\xc0\xc5\x9d\xd7\x97\xe3%@\xc93H\xa3\xcb\x89P\xc0\x883^\xca\xe3\xea=@'","b""d\xec3T5\xa7K@\xe4\n\x19\xd9\x1d\xebS@\xa8gkG\xfb\xcf>@H\x18'\xb7\x9d\x1fC\xc0""",b'\x02\xaf\x19\xe5\x0f\xbe\xd1?%\x08 &\xa8^\xe9\xbfOY\xb2I\x825\xbc?\xa7\xbb\xa0\xf5\x8d\x1a\xae\xbf'
b'\xb6\xc6\x90\x9a\xf8/W@\xd4\xd4y\xdfb\x08S@\xb0\x05\x1c\xa2x\x16\x1b@&\x86\xaa(@\xaeI\xc0',b'\x8c9\x97[N\x1bL\xc0 \x05\x85\xac\xfdW\x1f\xc0',b'\xb4\x98\x0fq\xcf\x1d\xe5\xbf\x0b\x11\x1f^y\xc8\xb0?'
b':-:\x1e#oN\xc0\xc1\xda\xe3\xbb\xfbkQ\xc0U\xe1[H\x04!I\xc0x^\x1b\x8d\xc9FV\xc0',b'l\xd0:$\x8c\x15N@|\x9c\x16.Fl<\xc0',b'\xd9\x87/\xcf\xdf\x91\x0e\xc0\xee\x01\xca\xb3?\xcb\x03@'
b']\x17\xd9\x05\x01\xabD\xc0~67\x1a\xb3aV@\x04\x9b\xe6h\xa4\x134@\xa4\xa8\x81`A\xe1A@>_\xc6\x8e\xf8\xd0H\xc0\xbc\xe7D\n\x16\x8f8\xc0\xa1\x98{\xcct\xc4W\xc0\xf0\xa2@\xb8\xfc\xdf@@\xbdz\xf3)\x10\xcbD\xc0',b'\x10\x8a\xc5(\xba\xb3E@*\xe13=\xa6\x88P@X\xd4\xe9\x06#|:@',b'>\x87\x83\xe8k=\x04@\xf6\xb2cO\xcb\xee\x04@-6\x02\n60\x11\xc0'
"b""\xd0!'\x98\xc1mQ@\x12\xb9=\\]XW\xc0\x80X-\x91z\xd1\xff?X\xd6\x98i\xf3C;\xc0\x80\x95\xc2\x96\xe7\x1eX@\xd4\xedPJ\x154J@\x94\x03\xc4\xe0\x0f\xccR@\x8c\x06\x19h*\xb8@@jT%\xb0x\xc9R@""",b'H+\xa6\xe0\x06\xdd&\xc0H\xbf4\xbcs\xa4;@\xec\x14\x01\x00\xb1\xedG\xc0',b'\xf8\x89\x10\xba\x1fS\xff\xbfE\xbb\xa6\xdd\xa6\xc7\xf4\xbfG\x00\x12\xad\x0ff\xfe?'
b'\xf6\xce\x96.n\xc4R\xc0L\xc5\xec\xdb\xf6\x9dH\xc0\x00:3\xa5;M\x06\xc0A\xb8\x1e\xd7\xdcET\xc0',b'\x127\xe9\xeboUR@\x8fa\xf1\xce\x7f\xe1U\xc0',b'4\xdajo\xfa\x93\xfb\xbfe\xa5\xa1S\x947\xf2?'
"b'\xdc\xe3\xdb\xba\x12\xf4?\xc0\xfan\xd7$o=T\xc0\x00\x04z\xd7\xc8\x1e\'\xc08A3""\xa3#P@'",b'h+\x02\x92\xa7\xcbV@\xf8@\x0b\xe6L\xddE@',b'/9{\x84\x0e&\t\xc0|-\xb6\xe4\xc4L\xbd?'
"b""\x01bs\x8f^\xa1U\xc0{\x0fs\xf3,/U\xc0X\x12\xc3\xe5\xf9\xc0R\xc0N\x1d'1\xbc\x17F\xc0""",b'\xb8\xc1\x02\xd9\x92\x04S\xc0\x9a\x983B\xc0\tR@',b'0\x80\x07\xd62\xeb\r\xc0\xc4\xcb\xd3\xa8\x84\xdd\x12@'
b'\x10f\xe6\x02\xbd\x02E@\x98\xbf\xc5Z\xb3r:\xc0\xe0\x88}\xb3\x0c3=\xc0\xacA\xf0/\xf6\xbdN@',b'\x16!\xb0\xae\x1b*R\xc0\x07\xa4\xb9\x98a\xd3V\xc0',b'\x00}\x93\xe7\x18e\x0e\xc0Y\x83\xd4v\x91P\n\xc0'
"b'hD\xb6Z\xe5v9@\xb0\xb2""7i\x93O@2kCc7\x94K\xc0\xe0\xc3\xc1\xff\x05\x07\x0e\xc0\xe8\xb6\'\x97\xd2\xcf.\xc0H-\x1c|\x16(""@\xc6C\x1eR\xb7\xc8S@\xd6\x93\xd0\xa5\x84\x9bS\xc0R\xae~\xf0\xd4+T@\x05\xbe\x82\xf6\xbb\xa1E\xc0$y\x9cVj\xd5K@\x10\xc9\xff|\xf2\xceG\xc0\xfbfH\x83\x02\xb6U\xc04)\xf4\xa4c\x91E@`\xf74\x0e\xdd\x17A@x\xfe@\x8fX}<\xc0'",b'\x88#/\xdd\xfc\x1a@@t\xad\xbc8<\x05C@\xd8-\x9b\x04*|?\xc0\x1a\x11\xc3\xb6\xb5HQ@',b'BL1[\xacu\xa9?&>\xd3\x08\xb1\xc1\xf5?\x84\x0f\x9f\xa2\xbe\x81\xee?`\x1fHG\x12\xfc\xe3?'
b'4\x10\x7fN\xee09\xc0F\x11\t\xaa\x03\x99A\xc0\xcd\xeb\x18\xe0\x8dGV\xc0a\xe5B\x93\xa0\xe7F\xc0\x00\xfc\x95R\xdcC\xef\xbfZ\n\xdc\x94x\x9bS@\xa0)B\x812p;@d<\x1c5\x80@K@\xd4q\xd6\x8c\x99U4\xc01\xff\x01\xb4/}O\xc0\xc0s \x1f\xfc\xc2M@\\\xe2\x92J\xf5FT@4hlI\x8f\xd0L@l\xdev\xf7\xd0\xedC@\x18\xb6\x1fw5\xd5%\xc0\x1c\x19/\x887\tO@@J>\xa8\xc6\xf74@\x17\x8d\x85\xff\r\x1fL\xc0\xf4b\xc3\xca\xcb\xc5C@\xec\x8f\x9b/\xeaT2@n\x83\xff\xecd\xc0U\xc0\xe4\xa4.\xd23yD@\x10\x12\xc7\xe7\x948*@%\x1b\x0b\xb3\x1d\xaeT\xc0\x86\xaa\xf1\xe2\xc2WK\xc0',b'p\xb5\xdb\x0b\x94\xbe\x15@\x94\x1f>[\xe4\x89U@\x0c\xa6&OO%L@\xb0p$\x05\xdd\xcbH@~\xf5\x94hA\xc0@\xc0',"b""AXq\x8a\x02\xce\xf5?'\xa2\x07\x06q6\xe0?o~|\xdc\x99\x7f\xbe?\xd9\x16\x1c\xdf\x177\xf8\xbf`\xbf\xa5Q)D\xf2?"""
"b'\xa0\xed\x19\xf9\xb2M#\xc0\x84\xe7\xdd\xbb\x81\rB\xc0\xe8\xb7\\C\x9b\xccH@\xa8\xf1\xc22\x90\r""\xc0\x06/x\xe0\xb4\xfeT@@\xb6\xfb\xedY2\xf9\xbf\xba/\x16C\xf7\x1bX\xc0\xd0h\xe2\xe70\x19.\xc0L\xca\xba\xfd\x06n5@\x80\xef\'\x16\x9dS @\xec\xf8\x041t\xa5I@\xdc\xdd>YG\xbe>\xc0\x04,\xc8f\xe1\xbfP@`\'\xda\x1cv}8\xc0\x15\xf6\xb6\x11O\x9dW\xc0\x00\\\xd1rA?1\xc0\x00\xd4]\x87[T\xcb?\x14\x02M\xf8\xe1\xe8?\xc03>3N,\xd2G\xc0\x00w!\xa5\xa3\xfa\xe2?\xc4GhY\xf4\xd9M@\xc4\xc10_\xf6\xc7B@\x13\x8d\xddA\xea\xb3N\xc0T\xe5\x03\x03\xef\xd8T@\xd7\x1eV\xe6(\xe8V\xc0'",b'\x80\xa3Pa\xfe\x99\r@8\x9eC\xa6P{$\xc0<\xd2q\t\x888N@\x1aA\xcb\x80LGR@L\xb2\xec\xdb\xc6QX@',"b'\xcc\xfe?-\x97\x0b\x14@R`;J\x11#\xae\xbf\xe6\xb0\x9c>\xfb<\xfc\xbf<\xbd\x17,,2\x01\xc0\xe3\xe64w\x03\x7f\xf6?'"
"b""\xa1\xdfU*\xf9\xf4V\xc0<\xdc\xe0]\x95\xfd:\xc0\x88%&\xe8\x99\xe9)@\x10(\x8fs:,.\xc0-\x91\x02h\x82FQ\xc0 \xa2\xc7k9\x18C@tWvui\xcd@@|\x91\xc3\x8c\xbb\\=\xc0\x86uGP\xf4(T\xc0h!\xff\x1b\x87\xa2I@\xf4\xa2\x1e\xa0A$A\xc0\x1a'\xae\xbb\xacaS@\x98\xb6/I;\xaa(@\xa2\x8c\x0b\r\xb1\x0fW\xc0\xfc\xd9N\xaa\xfeAA@\x14_\xe8\xd3s\xcc2@""",b'`\xf1\xedp\xb0\xfdI\xc0\xd8[\xb9\x886\xbbL@\xd8\xae\xe6\xcdg\xddT@\xa8\xe15\xe2\xe6\x876\xc0',b'2\xea\xc9\xe4\xd85\xcf?\xa9N_\xea?f\xf4?\xe5\x86Q\xbf\xe0\xf9\xfe?\x13\x88%qr}\xf5?'
b'*\xf53\x0b\x0f{V\xc0\xb8\xf1\x1bl \xa8T@\x86\x9a*\xc7D\xb5A\xc0x\x01**\xa2\xe1I@',b'\xeb\x83\n\x97\xa2\x14F\xc0\x1cW\x0c\x93\xa8\x08=\xc0',b'jy\x1a\xc0\x83\xbf\xb0\xbfu\xad\x8b\xf3\x98a\xe3\xbf'
b'\x1b\x08\xfa|\xfenF\xc0\x1c\xe0\x87\xfc\x0c^A\xc0\xd0\xe6\xe6\xfdt\x9dI@\xbc\xfcR\x84[\x857\xc0',b'\x90\xd2\xf59u\x84J@jCw\xb9\xa7\xf3M\xc0',"b""\x06\xb5\xd9\xc6\xe3\xc8\xf2\xbf\x1d\xa7X(E'\x85\xbf"""
b'\x96\xacH\xb6&\xa9X@^\xa5\x13\xfc\xb2+V@>c\x0e(\xb0ZW\xc0\xa0w9\xc2\x0c\xbbM@D\xf3vtf<V@\xc8\xa4\x10\x8e\r_M@\x00\xd6\xd25\xe6\xb5P\xc0t{Z\xa2\xaf\x915@\x98{&\xb8|\xa3;@',b'\xf0<\xaa5\xd1\xcb4@\xc0J\xe2(X1\x1a\xc0{\x05\x98\x0b\xa9\xfaL\xc0',b'\xd02;Ny2\xe6?\x19\xb1U\xa5\x181\xe1\xbf\xf8+a\xbc\xfd\xd5%\xbf'
"b'\xb0\x806\xe1\x1c}\x17@\xd7lFa\x95rU\xc0,\xdc\x8b\xebY\x83T@0 \xfb\xc2\r\xe4N@'","b'\xf8\x13$\x05/mE\xc0\xf0""\xc3\xd4C\xf1V\xc0'",b'\xae\x94\xb6\xf2\x95\xbd\xf6\xbfmq-\x16\n\xbe\xd9?'
"b'\xa2\xb707\x03\tS@\x9aV\xb1\xc2\xc8,Y\xc0\xb0d]\x14\xd2m\x12\xc0\xe8_,\x1bq5L@'",b'\x10\x9e\x17\xf0\xe29!@\xf0\xf5\xe7\x8dj\xd2>\xc0',b'\xe3\xa8P8\xc5\xdc\xe5\xbf\xc8;\xdeT~D\xe3\xbf'
b'\x93\xd2{\xe8\xb6\xb1G\xc0T\xd1wR\xa5\xbb1@\x82\x90\xe2\xc0\xad\x1aK\xc0\x14\x17\xe3\xa1\x15dV@\xc2\xc4\x96\x9b\xc3\x13H\xc0z\xec\xf4\x14b\x85V@A\xcd\x03]vyT\xc0\x1a\x876\xee\xe2VX\xc0\x94\x8c\x8b\xf0\xfb\xbdS@',"b'\x96nc\xc9\x9f\x01N\xc0\xb4\xe0O\xc6\x98\xebK@\xf7\x9e""j\x19\xd8T\xc0'","b'\x91DD<7\xd3\x8d?,\x0f\xd3\xd5\xa7\xdb\x02@\xf6Uh\x14\xee\xd8\xfd?'"
"b'JY6\xdf\xe7`A\xc0\xdc\xda\x0eR\x06E7\xc0\x8b>\xe5\x02I\xf4L\xc0\xf0H,9p\x829\xc0t\xcb\x18J\xe2KC\xc0\xc0[\xfe\xb2Z\xe07\xc0r\t\xcb\xa5\x18\x84P@\t\x14\x7f\xc9\xb9\xf2O\xc0\x18\xc7Y>\r\xf74@mH\xb9~\x94\x1bI\xc0T\x98\xcd\xc9\xbcWF@(\xd19\xe4N\xb7J@(\xa0\xc5S\x89\x9c6@h\xec\x8d\x84\xbfP<@\xbc\xeb&\xfcC.:\xc0\xba{MW\xdd6T\xc0'",b'\xb8\x8c \x8d5\x807\xc0\xd4q\x80&\x13\xf81\xc03\xc72\x16\xd8\xd0F\xc06\x18\xf5\xd3cuX\xc0',b'\x9a\xa2\xabZ\x16\x05\xfe\xbf\xb3\n\xe5O@\xb2\xfa?LE\xee\x07p\x8f\xd6?\x01\x8d\x042\xad|\xf2?'
"b""\x07N\xf6\xc3!yO\xc0\xa4\xa8Y\x17'/M@\xf6\x18\xff\xd5\xe3\xe1V@\xb8\x86\x00\x04+(&@""",b's\x93\xb8u\xb1*Q\xc0\\s}Q\xdcSI\xc0',b'\xe0\x82\xeaw\xdfD\xd7\xbf\x1e0\x92i\xbb\x18\xf9\xbf'
b'\xa0oJ\x03\x99\xd9I\xc0H\x9e\x06\xc7\x8bYQ\xc0.\x9d\x9fX\xe9\x94T@\xf8\xa6\x94\xa6\xfd\x07G\xc0[\x96\x80\x8cq\xdcR\xc0<\xab\xd5}7\rK@\xe2\xdf\x834NjT@\x98x<W\xc3\xfb-\xc0\\\xd2\xce\x14M\x19G\xc0&-\x8cL\x83\xc1X@\x00\xd7\x0f\xe1\xa7a\x10@\xd8\x0f\\\xd2\x86\xa2;@\xa8\xa2i+#_A@\x8c\x11|\\\xb3\xa6X@81 \x16<\xd99\xc0\xec\x1eHuT\xa8P\xc0',b'\xc2\xf6\xb3}J\xcdX@\xe6T\\\xa5\xac3R@6\xd2n\r\x99\xb0T\xc0j\x9b\x98\xfe\x9a1U@',b'\xa8\xe9\xf1\x7f\xea\x05\x06@\x86\xb2\xdd\xd9\x90\x94\xdb?l\xcd\xa7o6\x9e\x08@v!\xe8D\x9c%\xd9\xbf'
b'h\xaeSG\xa0J3@Y\xda\xe0l9\xf6U\xc0t\xbb\xc2\x19\xca\xeeW\xc0\x10\x11CT;1 @7\xe4\xc1\xc8>\xb6T\xc0\xad\xdc\xd6\xb3\xc6\xc6G\xc0\xc8\xe4\x85:\x98\x00C@\xc3K\xc0\xb8\x14pR\xc0H\x8f&mW4=\xc0\x00z\xe1\xd4\xa7\xea\xd9\xbf(T\xcd\x95\xe6\x8cA\xc0\xcaKG\xac:gB\xc06\x08\xdd\xaf\xb1\x91Q@\xf32K\x12\xffLJ\xc0\x1a@\xe4lX\x0bP@;| \x1b\x0f&X\xc0\x90\xc8\x89\xccT]Q@\xbe\x8a\xd0s\x8d7T\xc0\xb0\x0c\xaf\xb4\x12\x87.@(c\\\xe6\x1a\xd0A\xc0T\x05l\xe5\xbd\xe5Q@\x18\x97Eo\xe5\x1b4\xc0\xc4\xc7\xe5\xc0\xde\xe4R@\x04J1\xaa\xecMF@\x0c\xee$45s3\xc0',"b'2\x9d)\'\xe4\x15F\xc0)""\xe6\xd1\x99$P\xc0V\x12\xe1\x9d\xdcTQ@\xd05\xe7\xc0rA6\xc0\xbc~\x81\x0c\x0b3J@'",b'\x19\xe6\x94\x0c\xfb\xdd\xe6\xbf>\xeal\xc7F\xe0\xdb\xbf{B\x07c\xfb\xc5\xed?Af\x0c\xa2+\x80\xdd?d65\x02\x13\xc9\xc9\xbf'
"b'|\x8b\xe2\xb80!X\xc0\xe4\xdc\xc8\xbd\xbf\x031\xc0\x08:R\xf7\x9f\xd6G@\xdb\t\xb9g\xbaZT\xc0L4\xbdL\xb8\x13T@\x18I\x81\xeb\xf9\xee;@$_\x9a^\x11\x9e9@D\xb0q\x0c\xa5l8\xc0,\x17\x96\xf1Z\x19P\xc0xI\x1b\x88!\xe8\'\xc0 \x89\r\x99\x9e>S@J\xc5\xa4\xcc\xf3\xbaV@> \x0b\\2<P@\xb0\xdf\xd5\xcc\x8c,\x1c@L\xfcvd\xca\t9\xc0\xf0B\x03;W1E@\xd4\x1e\xcep\x87\x8aQ@\xc04)\xf6\x8f\x133\xc0\x17p\xca\xc3\x9f\xf4V\xc0\x90!\xba\x01\xb5!+@zzU\xa7\xdbjA\xc0\x80\x94\xcb\xd5\\5I@\xb8\xaf\xbb\x8f\x80""*@\xe6\x97\xba\xcd\xca\x13R\xc0B\x83\xe9\x9d\xa3\xb3@\xc0'",b'@j\xfd3\xde^\x18\xc0)\x96\xd8\x000bV\xc0\xd5.\x9byD\x98P\xc0\xee\xb1\xe0\x0b\xa47P@@\xa9YU\xbe\xa1\x13\xc0',"b'u\xa7\xa2\x80\xa8&\x08\xc08\xaaSqt\xba\x14@\x1e\xa4r,\x84n\x0f\xc06\x00_w\xb5\xcc\x08@\xb2\xe17\xfa\xeb\xf3\x06@'"
"b"":\x04\xb6'\r\x90R@\x80\xc7\rh\xce\xd8H\xc0|\x08\xf0 D'2@b\xf0\xba\x98\x90\xd0W@\x0c\xa9\xce\xa0h\x17C@V\x9a\x83\xc8\x13.A\xc0\xb6\xbak\xdd\xa7bW\xc0\x00\x18\xce\xe4\x9e\xdb\xfd?\x82\xc6\x1d9*\x1dF\xc0""",b'\x8cD\xf9&\xd2\x93L@\xe4o^\xb0[\xba5\xc0\x1c\xacITC&N@',b'\x19X?\xa8K\x9c\xa2\xbfp\x1dS\x98\xc35\xfb\xbf\x90\x1d\xe64b\xbb\xf5\xbf'
"b""\x10@\x99\x942v\x1d@\xe0\x8b\xd3\x97`\xa2;@\xf2Za\xe7\xc4\x83T@\x94\xd9\xb6\x9f'\xfbR@P@t\x16gP?@\xc8\x99v\x9a\x11\xa3E\xc0K5\x0f\xaf\xf4\x8dJ\xc0\xf0\x9b\x9eS\x06$\x1c@\x1b\xf4\xa0-\x1d\x81X\xc0""",b'!\x07\xbf\xbe\xf8\xc8G\xc0\x00b\xaa\xf8\x92\xe0H\xc0`i\xc5\xa2\xde\xeaQ@',b'\xd22\xf9B_\x82\xe6\xbf\xa7\x87\x84\xc2\xa5\x15\xda\xbf\xb1\xcb\x1f\x13\xb4F\xd8\xbf'
"b',#Lo\x8d\x8aA\xc0\xd4G]Z\xf7\xf3L\xc0 /\xc55\x11\xb5\x00@k\xfb\xafJ-&V\xc0~\x03\x8b\xe1\x88\xf1D\xc0F\xeevv\x99""U\xc0HsV\x8a%9Q@\x81\xdfl\x10\xcc\xdcD\xc0H13\x89?\'G@'",b'\x8c\xfbK\x1aU\x9fP\xc0\x9c\x14\xfc\x96\x89xS@\xf8\xc8\xf3\xc5\xea\x83Q\xc0',b'\xea\xdb1\r\x16\xb1\xe6?-?WQl\xb4\xe4?\x00*\xe5\xebo\xc2\xff\xbf'
"b'\x08\x8a\xae\xc9\xe4VC@\xa6\xfa\xcc\x95M\x12T@\xbd\x8b\xde\xab\xeeAR\xc0t\xa4\x80\xf8\xc2\x012\xc0pP\x00?An#@\xe3\x80\xc6v\xa0+Y\xc0""\xa6\xcb*\xb4\xc2U@\xc0\xbd\x00x\xe8\x0e5\xc08|\xbb\xd4\xe1\x90F@\xc8\xc2\x8at\n\xb2:\xc0\xbd\xc0\xeeU~[O\xc0\xb4fh\xc5`^=\xc0\xb2\xdc5\x93\x91\xf0P@\x1b\xf6\x8b$HaO\xc0\xb0\xd8\xdf4\xee1\x19@\xaa7u\xd8\xa2\x1eG\xc0\x8b\x1c""\x96PAF\xc0\xdc\xe0\x11\x00""\xf8E\xc0\x88%\xf3\x88G\x7fU@\xf6w""\xeb\xefbX@\xde_\xc2\x11\xf5yA\xc0n\xb1-\xf0\x0b?P\xc0\x86\x150^7\xa0P@\\\'\xba\x99N\x18X@F\xa5}\xdd\x8b}K\xc0'",b'\xe0\x02\x01\x96d\xb6\x11\xc0\xbc\xd8\xef\xb7\xaa\x95H@\xe4\x8b\x13H\xfc!C@\xfc\xa8t\x12#Z;\xc0\x00\x98\xb2\x95\x0e.A@',"b""b!\x85\xa7\xa9'\xfb?o\x9d\xc7\xa1\x8bU\x0e@\x15\x7f<\xf3\x94i\x14@\xd2\xcd\xc1l\xf6\xba\xfb?\xed(\xdfIy3\x08@"""
b'\xfa\xfc\xb0\xf7E\x93Q@\xfe-+qW\xb5S@\\*]QB}K@u\xe7\xb4\xb4R\xa3V\xc0',b'\xb4\xf9\x9d\x0f\xd4\xe6T\xc0\xe0\xbc\x81\xe4\x96TV@',"b"",\xdf\x90'\x9bR\xa9\xbfo\r\x12\xa5YC\xf0\xbf"""
b'v\x19\xf0\xb3W\xf5C\xc0@GC\xce\x1f\xb32\xc0\\\x8c\xa78\x8b\xff4@\x82\x9c\x13H\xe9^A\xc0\x02\xa9J\x1c\xbc}H\xc0\x90S\x93\x07uj\x11\xc0D\x1d\x8a\xd54\x13W\xc0%\x96}\xb5\xdd\xe3N\xc0h\xe4\xacz\xb1\xa6T\xc0\xa42\x8dz\tgG@\x00U\x96\xed)\xee\xf9\xbf\x1d\xbf\xfc\t\x8a\x80O\xc0\x00\xa2-{>\xaa\xd8\xbf\xc8L\xe9\xe7\x86!I@\xf8D\xdd?sWQ\xc0<\xefm\x06K`5@',b'L\xda\xc8\xefW\x8fO@\x80\x018`\xeeE\x19\xc0uda\xd6l\xbbR\xc0i\x9c\xa3\xa1\xff#V\xc0',b'\xb6h\xb6\xcc\x84D\x00\xc0\x05t\xb4h\xef\xe0\x04\xc0\xe2h4d\x98;\x89\xbf\x8cJ\xc0\x1aS\xab\xfe?'
b'^\x88\x1f\x83\xdb\xadU@\xb8\xc8\xd80\xed\x0fC\xc00z\xe3K\xe1#(@\x88F\xf8\x10g!8@',b'\x8a\xb1M\xca\xd9\x7fQ\xc0\x0ed\x02\xda\xe1HU@',b'\x1do]{\x05\x84\xe3?#.6\x84#\xc9\t@'
b'w\xef\x15s\xacxQ\xc0\x8c\xa9&\xccb\xd0P\xc0\x98\tuM7oX\xc0b\xe9\x9e\xd5b X@',b'\x9c\xd0\xdc}\x9c$J@\xf8#\x80\x8e\xef<2@',b'\xd3\x05m\x00\xaa$\xde\xbf\x1e\xd4\x1f\x9e\xd9n\xd2\xbf'
"b'\x9c\x13\\\x05T\xbd5@\x9cxls\x166<\xc0,\xb1\xf2\x94\tPQ@x\x97u$\xf6\xdcX\xc0\xf4\xb9\xf6\xc7\xbeJN\xc0 .O<`\x9fB\xc0X\x07\xab\x99\x87\x02>@\xd0\xe2\xf9\x0b\xd9\xaeJ@\x9cm\xb7""\xc7\xd6S\xc0\xdcv\x80\xf3\x8e\x8cT@\xd0\x08\xa3\x0c7\x11.\xc0\xf0""*LS.-@\x06Fzv?\xb3X\xc0\xb0\x94\xa5\xf9%\xf8T@{,\x99n\x16\x85D\xc0h\x95\xa1\x1d\xfc\x948\xc0\tzj\xaf\xa0LC\xc0\xaca\xc4O\xeb\\<\xc0\t(\x7f\xf9\x85\x04R\xc0p\r\xb4r_%(\xc0H\x8f\x93)N\x8e-\xc0\xa0\xea\x88\xcc\xa5\x18\x03\xc0\x9dl\x8e\x9a\x15\xe6P\xc0\xadH\xe4^\x0f\x99F\xc0\xb5\xf1\x06\x1c\xc8\xccX\xc0'",b'\x90\xf7t\xe9N\xccU\xc0\xf4\xcdd\xacG\xaeC@\x90)1\xa82I6\xc0\x84\xe8\xac \xff\xb3F\xc0\x1c\x0b0\xa7\x0e\xa8M\xc0',b'x\xfbM\xe4 \x13\x12@\xcb\xadp\xb4\xc2\xb5\xfc?\x9c/\x04\xa3~M\x01\xc0m\xe6 \xf2\x97\x9e\xf5\xbfx\xaar&\x17\x89\xff?'
"b'L>\x05\xb3\xc7\xb9F@@\xe9\xa0\xdf)\xe8+@\xfe\xabV\xa0:\x81S\xc0\xd8\'\x9b\xc5]\x94&\xc0}H\xe2\xb4c\x00E\xc0l[i)\xa5\xf0V@\xb0\xb2\xc7\t\x9b P@\xa0\x83[<\xc0\x1a0@\x17Ib\xd1\xdd#G\xc0d3p\x9c\x1e\xde7\xc0""\x02m\xfcY\xd7R@\x88\x85q\xee\xba\xecC@\xa8\xf3uQ\xe3\x94V@\x95\x82\xb0e\xc1\xcdN\xc0\xb71\x9a\x00K\x93F\xc0\x18\x04T\xdc-FR\xc0'","b""\xe0ZFg\x00\x1b2@@\xa0R\x97H4#@`\xa2l+\x85\xd1'@@\xce\xf6\xf5\xe1\xcaN@""",b'\x1b1\xe1\xb2+\x7f\x03@\xeb{c\xd6\x89j\xd0?\xfe\xc6\x9bb\x9d\xb5\xf0?\xdb\x9a[\x96\xa4\xec\xf4?'
"b""\xc0\x14\xa0\\X\x97%@\xf8\xd2@\xc3D\xa0'\xc0\x10m\xec\xbf\x9f\xcdK@\xf6\xecH\xfc\x81\xf7Q@\x13\xe7~1\x8cOU\xc08\xd0\xde]$yP@\xb0Y\xd7\xd0\xe6z/@p\x12\n\xab\xcc\x0fX@\x00\x1bY\xa7m\xe5\x00@""",b'\xd8\x14\x95@;\x156\xc0^\xd3\xfd\xd0\xa1\xb1X@\x04\x0b\xf4m\xce@C@',b'\xd5`L\x83\xf7\x7f\x01@-bVE\xc0\xc4\xae?\xa9\x90f\xaa\xb6\xe3\xe9\xbf'
"b""\xa8\x8b\xd7\xe4Z)T\xc0P-\xfe\xb1\x98\x1eG@\xb4'\xf8P\x87\x9dE@\xe8^\x13\xb8\xcd\xd7T\xc0""",b'{\xbe\xf4\xab\x15\xdfT\xc0\xfc\rq2\x87bR\xc0',"b""\x94\xb9\x0b\xb5\x0f\x8b\x01@\x08\x98\xf656'\x00@"""
b'\x98\xfd\xdb\t?\x99O@H\xfe\xc0\x00\xf9g;@\x9e\xbf\xb2\x0c\x83PX@h\x00\xc8\xf7\x85.D@\xf0\xbe|>\x14\xe4>\xc0<a\x17Z\x8bZO@\x003?\xdcv\xd6?@`H\xc7\xb0\xf5kQ\xc0l\x04\xa1\xe9@G4@',b'\x80\x8czn|\xcaE\xc0\x88[n3;9B\xc0\xf6\x035\x03\x14WQ@',b'\x1c\x92d\x1a\xf4\xfc\x12@\xbdG\xc1\xbcz5\xc1?\xd16\xb3\t\x81\x90\x0c\xc0'
b'\xe1g-\xc9T\xb2H\xc0\x005T\x04C\xc2\x0e@\xb0x\xcfq\x9e\xd9B@\\\xd1A\xc9\xb3\xbfI\xc0h\x02\x9c\xbe\x16\xdc&@\xe2\x98\xa4\xde\xc8lS@dT7\x18\xde\x1eY\xc0\x8cu<\xd4\xd13W@\xda\xc4\xae5\x89 V@',"b'.7S\x1b\xce\xb1W\xc00]\xa1\xf8Y\xb9O@P,\xc27=\x9bN@'",b'=\xf1Y\x91\r\xe4\x13@D\xc1#\x01\xf7\xbd\x03@\xf15\xf3\xa1\xb3\xfe\r@'
b'\xba\xc2>\x1e\x83\x0fU@\\\x92V\xf2\xd0CS@\xf1\xf0\xf5I\x12\x06I\xc0P\xc7%R\r\xfb-@',b'\xc0\x13\xc9\xe6\x17+\xf0?\xd2\x06\x8d{\x9aTW@',b'\x1b\xb5\r\\\x92m\xf6\xbf\x98\xf0_Fu\xba\xf8?'
"b'\x94PT\x08\xe2\x83L@\x06\xaf\xb9\n{""T\xc0\xf45DKv.8\xc0\xf8\xecDD\xda\xdc2@\x88/\xf2\x16E\xc7<@\xe0\x0f\x9aU\x08c""\xc0pKb\xe9r\x14 \xc0\xa8\xea^7\xad\xb5U@\x94E\xcd\xe0\xfd8<\xc08V\xa4\x9d\x04\xfeH@\xa8y\xacJ\xeb\xfeR@\xf8\xc06\xe1\xdb\x8eT\xc0\x00+\xae\xd1\xfa\x1f\xd9?\x88\xa4ty\xe3\xa4J@\xa8\x1clM\x13B@\xc0 ""7\x93\x94\xa90\xc0'","b'\xa0,|\x8a\x97\xf0T@ c\xb2\x1frL/@\xa8Air\xa7DW@R\x85\x8d/\x04\x95A\xc0'",b'\xfa?\xa2?\xd7\x8a\x03@Z@u\x01*\x8b\xbd?\xfa\x012vq\xb0\xf8?\xa2MBR\x18Z\xde\xbf'
"b'\x1c\x82\x01\xc8\xcdD7\xc0\xc6\x88\xa3{U\x16U@\x1a\x16yNY\xd2W@@c[\xad\xd0\xf5U@\x1cU\xa0\xed\x9c20\xc0\xc8\xad\x83\x15rU<@\xd2""\xe7\x8c\xadpP@\\k<\xfa\x8f(L@^""\xbd\xd3\x15\x92T\xc0<z\'\x91/\xd1V\xc0\xf6\xdb\xa4\xd6\xdd\xb3M\xc0p""\xfcG\xb7<\x1d@\xe4vVW\xec\x1fU\xc0\x94GV\x8d\x88\x11U\xc0\x9cZ\xa1h\x10\x7fI@b@%I\xa2\xe2P@'",b'\x80.\x07+\xc8\xbf@@\x83~\x90G\x8e\xfaV\xc0\xab\x88\xe6r_\xa0I\xc0j\xe2\xca\x8f\xb1\x80R@',b'\x19\xc6\x15\xbe\xffZ?\xc0\xc1a\xad\x87Ad$@\xfa\x9a\xdfH\xaeU7@J\x9e\xee\t\x8e\x83E\xc0'
b'\x00\x86l+\x92\x88\xd4?\xc8>u\xe9b\xbaX@t\x8f\xe6tu\xeeQ@\x04g\xdd\xa9\xd5\xabP@\xe0\x0e2\x013~3@}/f\xc07\xd5M\xc0p\xdb\xcd6\xe44V@\xf0\x18\x13\xc0#\x85D@\x00\x19\xbfl\xefv\xf1\xbf',"b""\xb0l\x7f\xd4\xe9\xdb'@\x04E\xe8\x92U\x158@\xad`\xcd&\xa8QU\xc0""",b'I\xb7q\x84\xae\x1d\xfa\xbf\x97\x05C\x06\xd0\x86\xf6?6\x89\xae\x89uI\xfc\xbf'
b'\xa7\xd0%\xa8\xa2\x05C\xc0pb\xa2*\x80L.@^\xdeh\xf79\tQ\xc0\xc0[\xd3l\xd8k\xf7?\xb3\x078\xa3\xb5$L\xc0\xd8\xd1\xac\xa1\xbe\xa89@\xe6\xf3w\xe4~\xbaS@\xd0\x80I\xa9#\xfa.@\xd8\x19\x81\xc8\xfe\x8b>@',b'\xc8\xef\x0081@*@\xb0\x9e\x94\xd0x\x19:@(gqM\x1e\xe0X@',"b'O\xb1\xcb\x12\x02\xf3\x00@""\x9f\xf8n.p\xf2\xbf=*\xed\xea \x1b\xfa\xbf'"
b'X\xe9\x81\xb0!\x8f<\xc0\x12s\xfbF\xcd\x03P\xc0\xcc\xd6t.H\x017@\xd8\x01F\xfd\xa2\xdbJ@\xa8\xbey\x8a\x89\x1e*\xc0\x00\xa3\xb1\x8e\xa3\x98\xeb\xbf\xc4>R\xea\xe7\xbeO@$\x8b\xad\x1e\xa8\xe3K@.?\t\xd1\xc7[R\xc04\\\xa2\xbe\x8c\xa0H@\xbe\xa1\xfeB\xd7\xeaP@P\x19\xf7\xe0p\xd4S@\xb0\x96\xb9R\xf4\x99\x16@ \xa6\xfd\xa8\xc0\xe8>@\xf2:\xec\x0f\x01tQ\xc0\x840\xa9\xee\x18\xf0M@\xd4\xa7\\^\xe8F3@\xcaw\xe0\x16\x15\x19E\xc0 \xc3\xddK\xa5 3@\xafU\x82vTrN\xc0o_\xb0\xe1\xbeSQ\xc0\x90{\x8aF\x02\x1a2\xc0\x10\xefI\xb6a=D@<b\xb1k\xf4\xe5V\xc00\x08\xf6\x89\xe1\x08&@',b'\x85\xd6\xd6P\xf8\xa1X\xc0\xc0\xbd\xf1B\xb0\x94:@<6~\x98\xad\xe8Q\xc0x\xfb\xb6@-!4\xc0\xd66/\x1a\x0ezU@',b'E\x84?\xe7\xeb;\xf6\xbfq\xd3n\xcc\xbeZ\xeb?\xc0\xb8\xe7\xcc;-\xfb\xbf\xbd\xa5<\xb7S(\xe9\xbf\xcd\xf4\xdd\xc70\x19\xc5?'
b'\x90\x93\n\xedQV6\xc0\x0e\xec\xe8\x10\x88\xf2V\xc0\x88*\xf2\x99\xc6\xae=@H\x1f[\xe2\xdfb5\xc0',b'8\x0c\xda\xd0;\xa4;@\xdf\\\xfb:\x11\xc8X\xc0',b'a\x8c\xa3o 5\x08\xc0\x00\xf0Sh\xca\xda\xdb?'
b'd\xcbG\xa6\xa7 1\xc0n\x8d\x84\\\x8d\xa0R\xc0\x04\xdf\x9f\x9d\x02\x8a9@\xe0h2\xf0\xcd\xa6W\xc0\x01\xdb\xb4\x12:5S\xc0\xf47cr\xb7\xd19@P\x93J]nj0\xc0\xa0\xc8\x95\xbb\xbb\xcaB@\xc0\xfc\xb3\x1ck\xab+\xc0\xcc\x0f\xd9\xc3\xc3\xb33\xc0 \xc8\xaf?;\xde\x1a@\x88E\xd6N\xc4\xe0.@j\xa9HVu\xc8P@x5\xd3C.X)\xc0\xa6\xb2\xd3H\xae\x10R\xc0>\x80y\x90h\x16I\xc0',b'p\xe2\xe7+\xe2\xc2\x15@|\x19\xe5P\x0b\xc48@X\x10$\xcf\x1dMU\xc0n\xe8\xb6v\xefmS\xc0',b'\xf3V\x9b\x14\xda\xe9\xe2\xbfe\x9eA\xf3Y\xbc\x0b@\xeb\xf0\xcbs\xed\xfb\xf7?\x0e\xfbu\xef\xdf5\x02\xc0'
"b""$\x12\xa1\xae^NL@\x04\xd0\xf6\xf5\x85\xf1A@\xc0|V\x8f\xb9R!\xc0\x12\x1d'xx\xe8L\xc0\xd0;\xa0\xc9jbV@\x98\x01$\xa1\xc5Q/\xc0\xe8:\xe4\xd2\x07JX@\xbeI\x1a\xcd\x14\x03Q@g]\xb9:\x08\x18Q\xc0\xd0\x02\xbe\xc7\xc4\xff \xc0\xe0\xcd\xed\xb5\xe8$\x13\xc0\xa0\x9ccK\x03*O@T\x8e\xfc\xfdalN@\xbc_\x0f\xa9\xe2\xc4B\xc0\xbc.\xfae\x01\xd51@\xab-\xc3\xa9!\x99D\xc0\xc0#\xda\x88\xf8\x175\xc0\x00\xf9q\x90\x024?@:\xd5\xda}.\xc1V@p\xc8s\xbb|\x9d2\xc0\xce\xd31i\x81eR\xc0\x0c\xd63k\xdaOU\xc0X\xebd\x0em\xd4(@\xa0\x05\r\xd0\xc7\xb8\n@\x84\xf9s\xfdgtB@""",b'M\x95>\x05\xad\xfcH\xc0\x94\xa7\xaeFC&4@\x94\xf1_\x0e\x0eLH@P\x81({\x81\xd75\xc0)gcO3\xe8L\xc0',b'\xeef\xe8\xb5o8\x0e@\x12i\x1aw R\x07\xc0_\xdbu\xbc\x0c8\x10@e\xb8\x9d\xda\x895\xf0\xbfU\xd7\xfd\x85)R\x00\xc0'
b'\x80Y\xd1\x12\xb1\xa0\x18\xc0\xfc]+\xff\xab\xd7S\xc0n\xbb\xe8i\xb4\xf7L\xc0@\xc0_=\xba/Q\xc0',b'u\xa7z\xcd6\x0fC\xc0\x90U<\x0c\xb0\x0b8@',b'v\x0b0\x03C[\xf1\xbf\x85\xdb\x1a\x0c\xb6\x0f\xe2?'
b'\xd2!\xe8\xeee)P@\x96\xdf\xf9;\xa6\x12V\xc0\xb8*C\xc9\x1aZ @\xb0\x9a\xc4f\xa2g2\xc0',b'0\xf2\x00\x17Dh2@\x9ei\xd2\x0b\xeb&U@',b'\xaf\x88/\x03\xc8z.\xc0\xafif\x0e\xee\xbb&\xc0'
"b'\xd1\x91S\xe3\xaa\x00D\xc0\x05\x89\xad1\xf2\x00L\xc0(\xdb\xe3>\xf24?\xc0OJ\x98\xa2~QV\xc0\t\xb0\x1b\xf4\xf9\xf1Q\xc0xXB\xc7\xe5\x93X\xc0\x04\x0b\x04\xc9\x90\x108\xc0\xd4\x9d\x9a\xb9\x839G\xc0AY<\xb1\xb3.S\xc0\x8al\xd4f\xa1\x1dP@\xa0\r\xe2\x9d\xcfrN@\x0003\x8d\xff\x00\x99?\x80\xab{\x99\x0f 0@(\xa8gxk\x84&\xc0@X\xb5\x96\xb9\xf7K@\x80\x88\xcf\x8e\xce\xc2&\xc0\xf7\x9e\x06\x060\xdaO\xc0\x0f\xb98\xe6s\xb8L\xc0f\xfd\xa5\xb8\x93\xb3R\xc0\x00u_\xd1\xd8\xf7B@\xadz\x81f8,W\xc0,>\x8f$=l5@*\x151\x1c)\x9aH\xc0\x8a\xb5\x8c\xf5\x11\x93Q@\x06\x17\xba\x05\xec9X@'","b'\x10\xa7\x85;`b\x1a\xc0H%\xcau2n8@\x14\xe2\xbc3\xc0,N\xc0\xfd\x89\xad\x05\xb4\xffU\xc0\xb80\xfb\x81\xb8\x9c,\xc0'","b""\x94\xb6R\xd4\x0fE\xfd?H\xa8\xfc\x107|#@\x01T\x85\xd0'\x10\x1b\xc06\x18\xfd?e\xb6\x08\xc0\xa4P\xfd!\t\xf0\xfb\xbf"""
b'X\x020\tv\xae+\xc0\xeb\xcd#V)\x82B\xc0h\x17\x1c\xed\xdeV.\xc00\xdbK\x0f\xb6\xe8+@\xca\xbf\x9e}\x85mV\xc0 \xdd\xeaT\x07%@@\\\xabH\xe9\xb4]V@\x00E\xd0B\xe8k\xea\xbf\xb05\x90\x00\x02\xcdU@\x13\xa8\xba\xf77\xf7D\xc0\xf2\x1b\xc2\xd6E\xddP\xc0X\xb0\x1a\xcdT\x0e&\xc0\x94F\xac\xd6\xdf\xbfI\xc0\xbcg\xfa=\xa23L@\\\xaf\x8f\xc8\xef%R@\x10\x12\xb2\xba05S\xc0',b'\xab\x8e\xe5F\xab\xafX\xc0\xbe\xd8\xf8\nYlR@\xd7\xc8]\x08\xd8\xc8R\xc0\xd0\xe0\xca\x10\xa5\x00=@',b'\xe7\x98\x82\xebV\xda\xfa?\x83\x8c\xb1\x1b_l\xfe?\x0b\x8f\xae4\xd2]\xfd?c\x93\x85|\xc0\n\xfa?'
"b'\xe4\xc2\xd2\x1b\xbf\x80D@L~8`\xe7\x061\xc0^\xf8]\xf0\xa1\x91R@\x88\x1c1\x88%\xa4#@\xa8|~\xf7\xe2b<\xc0\x177:H\xd8\xa2N\xc0\x92:{\xb8\x93\x06C\xc0(\x08\xc1,\xaa(T@\xd0\x14\xa1N#\x95\x1a@'",b'\xa0\xda\xdfPL\x0f\x0e\xc0\xc8\x8d\xe7\xc3\xad\xe92\xc0\xe3u\xb1;\x9clX\xc0',b'\xb9\x0b\x8c\x83\x87+\n\xc0\xb8G\xc5\x18\xf8\xc4\x06\xc0\x99\xd1\xb0y\xa2\xa5\xf1?'
"b""\x97\xe7\xdd\xbev\x19L\xc0\xf0\xcfj\xfb+\x849\xc0\x10\xd0\xc4\x0c\xd9!+@\x80\x9c\xa3)\x04g\x03@j\x04R\xdf\x96AX@\x08\x7f\xc4\x07\xe598@H\xd3\x13<>\xf9A@l\x8bP\xf5\xddx@\xc0\xed\x1a\x91Ul^M\xc0$\x10\xd0\xc5\xb2AT@\x92\xff\xcb8~:Q\xc0\x90\xd9[\xfb\x90\xe1'\xc0\xec\x99\\`z\x8e0\xc0X\xe6w\xb7y42@p\x08\xf0\xa1\xaf\tU@\xee\xe3\xde\r\xf0\xfaP\xc0 \x90:]\x9b\x1b1@F\x01\xf1\xc0\xe6\x17T@\xfej\xa2\x85\xc0\x8cX@\xackP5Q\xe31@ \xd0\x87\xaa\xfc\xc5?\xc0Q\xfb\x12|\x8a&S\xc0w\x15\xd15\xa36Q\xc0\xde\x8d%\xa2\xfe\x9aP\xc0\xdc\xad\x9e\xeeUH7\xc0""",b']\xb8\xd1}\xbf;C\xc0\x9c\xd1R\xb6\x1e2J@\x1d\xbc\xe0\xb9<\x15V\xc0\x10\xb4\xd1lI\xd4<\xc0&*Gk\\\xeaD\xc0',"b""\x0bnp\xf9\x1f\xe6\xd4\xbf1\xc4\xc4\xd7\x17?\xf1?'\x03d\xae\x7f\x1a\xf8?\x1d \xbd\x993\xaf\xfd\xbf\x95I\xe0eZ\xd9\xdd\xbf"""
b'\xc4\x1b|dj\xf7N@\xa00\x14Z4vV\xc0x\x9c\xc5\xb4C\x85E@\\\x881\xa3_RB\xc0',b'`\\\xca\xd0|!0@\xb0\x0c\xd6\xb9\x90\x191@',b'L\xd9e\xa7\xe3\xee\xe2?\xfb\xb6\x0bX\x199\xcd?'
"b""\xbc\x8fW\xdf\x9f{7\xc0(\x96|\x9cB('@T\x96\xd2\xa0=)7\xc0~\xe9\xf4\x1e\x02\xfdX@T2\x7f 5\xeeI@\xb0`\xca\x7f6cP@C\xcf\x8b\x8d1\xb1Q\xc0\xcc\xf3\xe9\xc8\xb6\x04L\xc0\x1c_\xde8\x97U0@p\x06\x03\xe8\x9e\xdb\x1a@<K\xe3\xae\xb2\x8bK\xc0r\x9dS\xaf\xa5\x99T@\x06\xcd~\xe9j\x1cU@\x90\xf9\xfd\xc0\xcd+5@\x14c\x00\xe1\xe2\x86V\xc0\x04\xa3\xe6N\x0cHL@""","b""\xe4\xc8\xa7\xf9\x91lR@j'\xa1\xa4\x0f\x80P\xc0S\xbe\x05%!$C\xc0\x83z\xdd\xed\xc6\x1dO\xc0""",b'\x7f\xac\xae\xf2q\x0e\xfa?\x83<\x95\xb4\x12H\x0c@\xb7*\xe4\xb0\x16Z\x10@&\x95\x138\xc4\x85\xfa?'
b'\xa8\x07\xeb\xa6\xed\xd3Q\xc0\xbeD\xf3\xe0\x17\tX\xc01\xcd\xe6\xb9\xc4\xb1V\xc0&\x84\xf6@\xb6OQ@',b'\xa0\x83i> kH@\xdc+3\xf8[\xf6C\xc0',b'z\tR\x85s\x1c\xa1?\x1c\x83>\xeaS\x0c\xe1\xbf'
b'\xb8\x0bc\x8e\x0cl;@\xc87\x1c\x9a\xba85\xc0(H\xd1P\xb1 E@\x88\xd4\xce\x89\x18?A\xc0',b'\x11ad\xf7\x18\xb0G\xc0\xe2w\x02\x0c\xa3.X@',b'\x8f\xdf\xe2\xc8\xc0\xc1R\xc0 h\xd0;\xd7\xadW\xc0'
b'>\x1ch\x99\x85XP@\xe0\x96\xf7\xdb\x08\xf5\x02\xc0Hs_\xa5R\xf7Q\xc0(.\xa9u \xcc4@\x16m\xa8\xe9\xef#P@ <\xdd\xdf\xccZ\x11@8\xbe\x08\x02U\x87N@=M\xba!J$U\xc0}BJ\x84\xaa\xb0S\xc0\x98\xb4\xeavF\xc2(\xc0\x04\x8c\xfe\x01$|A@\xf8\xa5l\xcbH\x16:\xc0p\x88m\xc2\xc7\xec \xc0\xaaU\xaahR7P\xc0\xb0\xcd\x98\x1a5\xf1Q@\x80\xaeh\xfe\x84\xcf\xe0\xbf',b's5O\xce\xe2\x14O\xc0\xe4#\x0e\x02~)9\xc0~\xa8Ls\xe9\x82X@x\x7fM\xd0\x0f X@',"b""\xec\x8c\xc0\xe8>;\xec\xbf\x08,\xa8'\xd3_\xf6\xbf\xe0\x15\xb4\xebbW\x9b\xbf\x81\xd2\xee\xef{\xe3\xdd\xbf"""
"b'\x87m6&\xe72H\xc0(\x15\xb4B\t\xfc#@\xddU\xf5\xa6\x0b\xafD\xc04\xbeB\xb4\xfe\x937@\x98\x951\x97\xa5\xb35@\x08`{\xe0r\x82?@\x10}\x7f\xf4/\xd5?\xc0\xf8\x1c#\xac\xd7,4\xc0\xe3\xf5^\x9cp\x9eG\xc0\xf0\xc4\x94\xe3\xf5\x05>\xc0\xa3f7\xbe\xe6\x8aJ\xc0\x90\xd3\xae\xee\xdbBL@\xe0\x13\x82)\xc4\x0f;@\x10\xef\x0b\x82\xf7?X@\xa0\xa8\xc3\x16S\xd4S@\xe0\x1d\xff\xa8A\xcd6\xc0'",b'\xcc\xffE\xc8\x02%7@\x00\xc9\x91\xd4\x12;F\xc0\xcf\x99\xbb`3GU\xc0\xd8\x01\xf3\t\xe8\x7f(@',"b""m\x7f\x03\xd1\xdb\x17\t\xc0W\xb1H)P'\xe3\xbfQ|\xa4\x92\\\xc0\xed?\xd2\xda\x8b\x1ch\x93\x0c\xc0"""
b'\x80\xdav#\xbf\xb0 @\xe8L)\x13\x04\x830\xc0\x07\xdf\xed\xe88\xd7S\xc0\xfc\x8d\x13\x07\x10\xdc8@\xe0)I\xd0\x99\xc7\x1d\xc0\x1c\xa9\x92\x02\x14\x0cL@i\xde\x90~\xb1\tN\xc0\xae\xaek\x8a\xd0\xd3U@\xad\x823C\xa2BU\xc0\x7f\xa7_\x95l6S\xc0\xd4\x10\xac\xddw\xa61@\xa3K\xd8vccT\xc0\x13\xf0\xec{\xfb\xdbB\xc0\xa0=\xda\x8e\xea\x98\x11@G\x15-\xa3$\xacS\xc0j\x08\xb3T\x98SU@\xd0*1H\xcb\x93=@\xa6c\xfd5\xc4\xfeN\xc0*Z\x1c\xe7(\x84E\xc0\xb44\xf5/\xc5\xa4B@\xdd\xeb\xa37*`P\xc0\x99\xda\x0e\xb8\x1c\x8dW\xc0\x04\x18\n\x82[\xa70\xc0\x10c\xb6\xd2\xab\xee\x18@\xa0\xd2\x8b\xe236I\xc0',b'`\x05+\xc6_\x14?@4\xbe\xa5\xac\x83\xb2D@`\xef\x1b\x81\x978L@b\xa9\xfa8\xf4IV\xc0HF\xd4\xbf\xf3$N@',"b'\xca\x00\xaa!Fb\x11\xc0GL\x8a\xda\xb8\x16\x1a@m\xbb\xe8\n""\xe2\x06\xc0\xbe\xf2\x8f\xd5~!\x11\xc0\x08Zid\x9cG\x1d\xc0'"
"b'\xc8\x81\xe6\x06\x9e{8\xc0p\x8b\x02G\x98\xed6\xc0\xf4xwP\x91/N\xc0\xe8\xebA\xd7k>C@\xa8y\xd0\xdc\x99\x01L@\xc0+\xaa\x83\xff\xd4O@,\xcb\x86\xec5\x982\xc0J09\xaa\xeb\xfbR@@Q!yz\xccU@\x98l\xa7\xe2\xa2\xeb.@E\xc4D\x99R\xa6W\xc0\x86\xf3\x84\x9f\xaeLS@\xa2\xc2\x8f\xad\x93cQ@\xa0eA\xc7\xf3sD@\x91\xb9\x81X\x00\xf9I\xc0\x88Z^\x07P\x7fD@\xdf\xe3\x88Y\xf3\x10U\xc0@7\xa7\x1dk\xfd,@44\xae\x87\x93t6@\xcc\xd5\x04Q\x9c@@@X|\x0e\x9d\xd8\x8cO@\x98\xac\xf9\xe0\\\xd1R@\xeaJj\xb2\x19\xe6@\xc0\x0c\xcd>^Ud:@\xec/\x84\xf8~\x1aG@'",b'\xd4w\xdf\x05\xad\\3\xc0\x98\xfa0\xea\r\x0cJ@\x00\xec\xb9\xd2\x1e\xad@@x8\xf9\xf9\x8a]2@\xd0\xac_Vp\x1aU@',b'\xfd9}\x17\x0f\xb9\xdf\xbf\x9b*S\xd3\xc5$\xef?\xb7ZJ\xf3\x8fc\x04@\tL\xa4\x0e\xee\x85\xfb\xbf\xad\x91\x92\xbc\xbb\x1e\x0e@'
b'8I|\xce\xf7nU@\x80A? \xca\x9f\xe9\xbf\xc4\xd9V\xd2\xe2\x7fE@\xd3\xac\xef\x0f\xb2\xe1H\xc0',b'\xd0\xab\xf9&\x95P(\xc0\xc0Y\xa5\xb6X\x0f\x06\xc0',b'\x92t\xf5\xb7U;\xc2\xbf\t\xfd\x95FXR\xb1\xbf'
"b'\x04\xc3p\xf3E\xc3N@""-Qw4e@\xc0p\xe3w\x1bD\xfb\x1f\xc0\xc8\xee\'b\xd6 F\xc0\x80\xc7\x9b\xc9\x8b\n4\xc0\xe0F\xc0]\x9ey\x1a\xc0\xfc\xa2h\xf4\x81\x8fS@\x9e\xc9K#\xa9CQ@\x08\x0e{\x88\xff\x16X\xc0'",b'\xe0f5\xc6`]\x12@X\x93\xbf\xb2\xb5\xa1I@\xd8\xe4O\xaa\xcayR\xc0',b'\x03\x8bsk\xa0\x9a\xe2\xbf\xf2%X\xf8Y\xbe\xf1\xbf\xe3U\xb0C\xf6\xfd\xdf\xbf'
b'<\x9e\x1e2\x84\xc9V\xc0z\xa9\x1d\xed\xff\x0fL\xc08(sh[\xc4Q\xc08\xa7.MJ\x80@\xc0\xce\xdb\xab\x92b\x9bR@Nc.\x8a\x86\xedW@\xcc\xb0\xa1\x8d\xaa^0\xc0\xb4\xf0\x1an]\xf97@N(*\x80a\xcbE\xc0',b'3\xe0*K-\x10P\xc0\xd0>J\xa9\xaa\xb5;\xc0\\\xdc\xd5\xf1\xde\xe7A@',"b""O\xf2\x96\x8b\x0eH\xe7?\xc7\xa53\xed\xe1t\xe9?\xa0'\xfb\x0eP\x08\xe5\xbf"""
b'\x8d\xd1&Y7\rW\xc0~\x94\xb7v8\x08I\xc0\xac\xa3f\xe0_\xc2E\xc0X\x1a\x9fy~ #@hW\xe1\x8a$\xa6V@\xc0\xca\x90\x9b\xaa\xde)\xc0\xb86\xf9\xf5IID@\xc4\x9e\xf4\xaeN\x9b:@X\xc2\xcb\x17\xe8\xc0&@',"b'\x1c\xba<\x94\x86\xc6V@\x03T""`\xd1\x9aK\xc0t~\xa5\x87\xaf)U@'",b'\xab\xf3\xd7\x10#K$@*A\xe1\xb3\xb0X\x11\xc0J\x16E\xf7r\x9a2\xc0'
"b'\xd0\xa7\xdfc5\x8c,\xc0\xa2Q0\xc9\xd3\x89H\xc0|\x82T\x12$RS@f\xef{\xc1\xec\xe7V\xc0!\xe3\x88q\xb3\x87P\xc0\x10fI\xeb0\x81-@\xe8B\x11$\xce\xadM@8W\xcc\xb4\x1cvR@h\xb3h\xa5@\xc1P\xc0\xa0\x12\x19Y_\xf1L@\xe0\x93\xb1\xcb\x9c} @T\x01r\xc2\x10\x8aQ@`\x04\xfb\xef\xa7\xcc\x1f\xc0\x94{p\x88\x86\x9aE\xc0p\xfa\x8c\x1a!\rQ@8\xf5K`or@@'",b'\x00\x99]gLx4\xc0\x88\xce\xa4l\xf9x6@(\xbec\x9bWV+\xc0D\xbb[\xcb\xd1nT\xc0',b'\xac\x08~\xaed\xdc6\xc0a\xdb\x05\xde\xc6g8\xc0\x86\x1e\x8c\xe3\xca\x833\xc0s\xe2]\x0c\xb1c\xd9?'
"b'b\x03\xfb\x04?*K\xc0`U\x1e1i\xd5,@XC\x9d\xc4\xd8QQ\xc0\xc2z\x80\x98\xb17S@\xcc\xf5%\x918\xfbB@\x86\xf1\xbb\x1c\xa7\xbaH\xc04\x08\xef\x11\xab\x1dN@ \xf0G\xc20O&\xc0\xa4Q\xa5M\x9a3G@'",b'\x8a7\xb2\x91\x07\x00O\xc0V\x81\t\x91\x12\xf9T@\xb8\xad\n\x90\tJ0\xc0',"b""D\x9c\xfb\\\x9e\n\xfb\xbf\xf3\xd4\xa84*d'@\xfd+\x87\xa8\xe3\x9d\x12@"""
b'\x9c\xa0F\xd7`^B@!#\xb4\xe9\xa8\xe8B\xc05&\xd8e\x17\x00W\xc0PF|\xfd{_P@',b'h\xb5\x08\xeb\x99\xc0E@\x00\x93\xc4\x1f\xa1\xb7\xfb?',b'\xd1t\x04\x9f\xc8\xb9\x05\xc0\xee\xb5+\xad\xe1N\x0e\xc0'
b'\xa4_a\tN\x91D@\x90\xf1>\xf1UfR@\x95\xba\xc4\x9b\xc4\x1bY\xc0\x18\xf9\xca:E\xdeM@',b'P8[\x04\xc8\xd1E@`\xbc\xd8\xf8C\xf38\xc0',b'\ti\x07\x8c/\xdf\xdc?u(\xd3\x81\x87\xcf\xd5?'
b'\x1d\xa2^\x1c\x81cF\xc0\x1cs\xd29\xb6\x9b=\xc0\xfd\x1a\xf74\xbc\xabK\xc0\xa0\x9a\x9b4s\xdb2\xc0\xf6kF0\xbf\xafT@\x04\xe8\xfd\xcd\xee\x1f@@\x06\xb5\x86\xfc\xfb{U\xc0\xe4\x97\x9azQ\xc4P\xc0\xaf|\xcc\xff\xc54W\xc0\xbd\xb8\xc4L\xa9>P\xc0~g\xcc\xec\xde\x81O\xc0\x00D0k\x01\xab\xb0\xbf_\x87\xfa7-\xdeN\xc0\xf5h\xec\xd3\xcb\x8eB\xc0\x12\xc7pb@\x1cX@\x98M\x85\x91o\xc8!\xc0',b'\xc0\xb5\xd8\x05D\xa2O\xc0x\x95Et\xf6}6@\x03`\xf21a\xb5N\xc0\xd8\x92\xac\x18\xf2\xdaQ@',"b""\x98\xde\xe3Jw\xa7\x08@\xc9\xe0\x87\xd7\xdb\xbe\x11\xc0\xfa\x9b\xeap\x85'\xf0?v\x92F|Nk\xa4?"""
"b""\xa0]\x05q\x9f\xf9/@\x02\xab\x98\xe1r\x04P@\x18\xd8\x1aqd\xe2D@@\x16R\xcd\xe6R\x19@\xa0\xe3\xc3\x94\x83\xb9\x19@\x80\x10\x15\xf8\x7f'W\xc0\xa8\x10u\xec\x00\xb67\xc0\x00\xfc\xb9\x0eI\xacO@\xdc\xcb\x16?\xc7\xdcW@\xcf+\xa7\x98]\xcdQ\xc0\xa0\x91\xc9\x16\xc6p\x12@\xd2?\xfb\x94t\xc2X\xc0\xf4\xb0Sd\xa3\x9dV@\x80\xab\xdc\x80\x9e\x1c\x01\xc0\x1c@\nQ\xe9\xddC@\x80y\xaa\x10\xb6\xbb\x05@\x08{\xf3\xc2&4B@\xd8qU\xdd\x9b6G@@`\xd0R\x84\x97\x1a\xc0(\x92\x89B\x14\xc0D@3\xfaB\xed\xb4`U\xc0>\xf4\x8f\xdf\x92\xfcX@\x08G\x0c3\xc3\xe9!@ \x19BT\x8d\xa2\x06\xc0\xa6cr\x10\x93\xddW@""","b'\x88\x11U\x9d\xa3\x0eA\xc0\x18\x9cL\xaf\x10e""@b?\xd0\x1b&\xabW\xc0\x90\xb7HOjDA\xc0<|b\xc0\xeb(X@'",b'x\x91\xc3\x86\xeb\xee7@F\x92\x96\x943\xdc\x0b\xc0\xc5\xd9\xbf{P\xac1\xc0\x9f#\xa6\x9c\xb7\x10L@\x96s\xe2\xee.k=@'
"b""\x12\xfaZq\x7fIT\xc03wPf\xd3\xd7R\xc0i\xf9\xba\xea\x86XI\xc0l\xe5\x103X\x0bS@L\x80\xae\xb2y\xc4S@EP\xbfZ\xf6WV\xc0\xb4\x9d\xc0'l\xa58\xc04d\x97f\xa8{G@\x0e\xcdc\xd4\xc5\x17G\xc0\xe2KF\xfez\xe8X@\x16\x82\xfd\xe4\xe2\x8bX@\xb4~\xa1\xeeov2@>\x96$\xea[\x11R\xc0\x08(gz+\xadG@\xee,\xa2\xa4\x88\x10H\xc0\xf0\xe7k \x1f\xa74@\x8cOv\xf6Z\x89S@\x1f\xe6P \xbb*H\xc0\xc0\x02lHTB2@\x04|v\xfb\x03\x9bV@\xe8$I\xcc1\x1a>@\xd4\xe6\x16\x1f\x05\x0bP\xc0t\xb0\xfd\x97\xb3\x1cM\xc0\xbc\x1e\x1d\xcd\x83\x85D@\xb0\xea\x84\x18A\x12D@""",b'\xf4\xc0>i\x17\xdd@\xc0~\xfc\x19\xdb\x82\x10X@@Z\xf3\xa73KD@f=x\xdaU5U\xc0\xfe l\xe4F\x9dS@',"b""W\xbd\x16\xa7\xe7L\x17\xc0n\xfc\x0b\xaa\x00\n\xf6\xbfr:\xf0\xb5\x19[/\xc0'R\xcc=\xb9\xd0,\xc0\x9a\x0f]\xa5H\x1b\x0f\xc0"""
b'\xc8gS\xd3Q\xafP@df\xd0\xb7\xef\xbdU@\x0e0\xc8\xbd\xe8\xdcL\xc0X\x15U}S\x88Q\xc0\xf9\x17\x0e\x00\x1bWX\xc00\x819Zz\xb9K@\xf8X\xc6\x93j*8@\x04\x1c\x9dx\x13YT\xc0h\x80\x0cm\xc2\x13+\xc0\xac\xea\x18\xd6\x87fL@\x14\xd0\xa5\xb8\xf3\xa6J@\xf0\xd6\xff$Q\xedB@\xb8MT\xfd\xa9\xd9F@ |\xb9\xabR>@@\xc2n\xb7i\xe9\x7fU\xc0L\x19Hz\x16\x84>\xc0s\xa5\x8d\x89T\xcaO\xc0\xa0\xabD\xc8\xc7\xbeV@f\x13\xd6\xe7\xa6\xc1H\xc0\x00\xb6js\xce\x92\xd2\xbf\xcf\t\xae\xc6\x1f\x0fO\xc0$\x02\xf9t\x9e\x98:@\xb8\xe64Tu\tO\xc08J\xb1\xbf\x19VE@Tz\xa8\xadL\x05B@',b'\xf8iM\x8ca\xeeP@\x94{\x85\xd8lGF@\xe4\x92\xc4\x8bR\x08T\xc0\xd0\xe9\xe3QM\xff\x1c\xc0P:\t\xb3\xc4l.@',b'v\x10;\xd2/\x08\xcb\xbf\xd3\x06\x19\xbb\xc0;\xea\xbfH\r]$\x02\xb2\xf1\xbf\xe2\xecc\x15\x9fj\xe6\xbf\x99\xd6\x08\xb3\xacc\xda\xbf'
"b""\x8b\x95Y\xd3f\x8dG\xc0\xf0d\x06j\x8d\x9bQ@\x80r\xa2\x19\x9c&$\xc0\xa0\xe5\x8e\x8c(0:\xc0h\xc0\xe9\xa9\xf1;6\xc0\x8829\xb9\xde\xaeN@\xe8*3\xc9;N;@P\x03\x17y\xc6)0@4szE[\x89B@\x8ef\xe56\xcf\xcbR@*'\x1bj\x80\\T\xc0X-\x15n\x1eRJ@\xc4\x94\xdc\x15\xde\xf0U@\xfc\x83\x8e\xd4\x9f\xa2S\xc0\x14)\xdd#\xca\x14?\xc0\xbb\xf4+%\x05rO\xc0\xccCDguCI@J\xb6\nznuR\xc0\xf8\x8d\xf1\xe4\xd8T5@\\qb\xa8GB7@nVh\xc0\xcb\xbeP\xc0NT\xa3I^pQ@\xc0\xeb\xb1\x95r\xac\x1b\xc0\x12I%`\x88\x01I\xc0\xfa\xec\xf2\xa1\x11DT\xc0""",b'\x80i\xb5\xd7A\xf5\xed?\xa9\xdc\n\x7f\xcfnJ\xc0\xd4\xd1\x9es\x13_:\xc0\xda\xf2\x86\xfe\xf8\x85M\xc0@\xff8\xe3\xe3\x8b\x04\xc0',"b'\xe1\xb5\xf6\xbf\xdc8\x03@\x08\x80\xfe\xccN""\xef\xbf2W\r\xaf\xc0:\x0b\xc0[0|\xb67\xc0\x1d\xc0G<\x82u\xc9\xb4\x00@'"
"b'\xc4\xd3""h\x00I8@\xe4\x9f@.P\x14I@\x94\xaf\xd3A\x08VG@T\xab9\xd7$>W\xc0\xa8\xd2\xb5\x81\x88\x0b3@\xd8d[\xa7\xfc\xb79@\xbb{\x92\x81I\xa4C\xc0\x90\xa3sP\x03\x0fS@p\xf8\xa0\xd5\xa4\xc5.\xc0\xb0(3M\xabu&@\x88\xcaVl\xf2>>\xc0\x18\x89\xfe\xd7\xe9\x01Q\xc0m\xb1\x14\x82\x05\x1bJ\xc0\x80tzO\xb3\xb0E@8-3\xc1\x8aR-@4\xf5\x13\xd0\\\xe5K@\x845f26&@@\x10)*\x00jI=\xc0\x8c^Qx5Q:@\xd8-\xa90\xbbGN@\x10\xe1[\x97\xb82C\xc0\x1c$@z\xdb:H@fbA\x19\x82\x9fU@\x94V*s3\xcdA@\xa5\xeb\x1ag0_O\xc0'","b'p=h/Cb4\xc0\xc7},\xd63\x96X\xc0\xa8\x06\x11vD!6\xc0x\x01\x83\x84\x03|/\xc0XRi-\x0bj=@'","b'tWW)\xed\x8e\x8e?\x95\xdd\x14\xb8fV\xe6?\x02\x11\xecM-""\xe9\xbf\x8dMt\x17\x91\x93q\xbf\xba(\xa1X\rb\xf0\xbf'"
"b'\xac\x18~=\xfe\tL@\xb44<""\xbc\x87H@h\xdfd\x15F\xb57\xc0D\x02J\xec9\x17C@\x9a\xcd_-$\xa9S@\xf00(zc\x19E\xc0\xcc\xf9\x8f\x00\xeb\x92M@\xe8\x9f\xb8d\xc8\xcbX@BN\xdd+\x02\xa9R@'",b'L\xdb\xa1cg\xeeO@hu%\x92$\xd1N\xc0\xd5\xf0;\xf7\xda\xb5W\xc0',"b'\xf2b\xb9Xi\xa3\t@\x14\x87\xb5+yy\x04\xc0\t,\x1a\x13\xe22\xda\xbf'"
b'[\x92v\xfc\xaf@T\xc0A\xe5\xf0^\xdd\xf7E\xc0H6-\n\x15OX\xc0\xd3\xf8\xf3\xcfZ\x1eF\xc0',b'\xe0Q\x8ap\x83\xd8E@\x10U\xf1\x16}\x1d@\xc0',b'\xd1\x80\x08\xc0\xb7t\x13@z\x8b\xd7#\xe9\xec#\xc0'
"b""\x17\x0b/\x18\x900W\xc0\xf8\x7f\xb1\xfb\x9e\x8b+@\xb0\xf0\xd9\x91\xc0\n\x1d@P\x90\xc7a\xf14G\xc0\xfc1\xe0y\xfa[C@\xee\xd6\xd8\x06v\x0cS\xc0\xa42\\\xd1}\\U@\x00\x14=G\x11\x869@x\xb3\xdc\x8b\xf5',\xc0\xae\x19\xc7\xc2\x99\xd0@\xc0\x08\x18\x02i\x96\xb8E@\xacF\x1ev\x834N@\x00\xca\x0b\x0c\xe1\x81\xc1\xbfH~^\xee\xe9\xb0?\xc0\x16$\xed|\x8c\x94X@iFn\t\xcf\xdcI\xc0\xc6xZ\x92\xfd\xd2E\xc0\xdb\xea\x83\xf0,\xdfX\xc00\xcf\xae\xd74\xfeP\xc0\xe85\x10\x11\x17\xac;@X\x86\xae\x84\x7feF\xc0\xe0\x91\x17\xb8|\x01G@\x9c\x19\xa7\x1d\xb0\x12@\xc0\xfc\xa7\\\x9d1\xc1O@Z\xcb\xefJ,/Q\xc0""",b'>\xf2\xa3\xc8\xadfS\xc00\x03h\x94?\x8b&\xc0P\xcb\x02>\x1b\x8e.\xc0h\xf0v\xc2\n\xdbC\xc0\xf8\x88E\x1e\x96\x86/\xc0',b'HMw9\x96\xb2\xea?\xb7 \x9d\x10Hs\xc4?I\xfb^d\x00\x03\xb7?\xab6B\x8e\x89\xd1\xe3\xbf\xb9\x16Z\xf1%K\xea\xbf'
"b'\x06\xa4\xa1r\x9erT@D\xfd\xd9\x05\xbd#A@\xc4\t\r\xc0v\xa75@X\xde\x93\'\xc4,P\xc0f\xc4,\'\xd2TO\xc0ql\x1ec\xe6CC\xc0\x00>|\xaa\xecx=@\xce\n9\x03)\x94Q@<\xbc\x0e""\xa2\xa5V\xc0'","b'z/\x83\xfc\t""U\xc0r\x97o\x98\xf2\xf2V@\xe8\xa0\xbaG\xd9,H@'","b'\xb8e\xf3\xab\x93O\xe7\xbf\x04\xb0\x19""L\xb2\xc4\xbf\xb26{j\x0e\xae\xec\xbf'"
"b""\xfeG6\x98\xeb\xc6P@T9\x0cTECF@J8u\x8a\xf3\xb3U@\xd5\xf2\xa5d\x0b\xe6W\xc0\xc0i\xdd\xfa\xf9\xaf.@\xe4\xe4\x06~e\xd8R@\x98\x08V5\xc2$6\xc0\xd1\x19\xb4\x86\x14\x11T\xc0\x0cV\x03\xe7\xdcc6@\x86I\x04\xc2xRU@\xda\xcd\xfb\xc9|\x91V\xc0\x000\xcef1y0@\xa9\xdf\xaa\x1eDsL\xc0,8\x97'#QV@ \xa1\x04\x8b\x19S\x03@d\xe4\x7f!\xff\xe1E@""","b""\x00<\x8d\x14\x1fS\xd5\xbf\xbe.9\x16\xa5AO\xc0,'\x02\xfb\xfd\x076\xc0\x96\xefI\xf0\x81\x10M\xc0""",b'X\x84r\x96\xf9F\xe9?s\x8f\xd3\x19\xb1\xb8\xd9\xbf O\x04[\xc1\xa0\xc3?MY\rP\x84R\xe0?'
"b"".7\xee\xfc\xe5lQ@\x0f\xe1\xc1\r\xba\xd7O\xc0xqU\x16\x89\xfaK\xc0\xdc\xb4\xf8\xdf\x83\xa2C@\xea\\\xe6\x19\x08\xa4R\xc0\x00\xe1\xe1\xf4j;\n\xc0<\xed\xf0r\x144B@\xc8`\x9d\xb4\xfbjH@\xe4\x18\xe2H\xdeJB\xc0<o\xe7\xbe\x86~R\xc0\x98,\xf7x\xbb~ @\xe0H\x10\x1b\xb3N:\xc0p\x9cd\x8c\xc9^\x1a\xc0\x8c \xc7\x99y5R@@i\x00da6'@\xfc\xea+12.U\xc0""","b'}+p\xf1{\xbeB\xc0\x18h\xdc\xdb\x84\xf9X@P\x0c\xde,6\x1e:@p\x0e@M\x19\xb9T@'","b""\\\xbd9\x80zo\x17\xc0\xd2\x96{\xb9\x0c\xbe\xfa?\x91'\xab\t\x81t!\xc0\x9b}8\xa7+\xff\xd1\xbf"""
"b""\x1a\x17Is\xe3\xf1R@\x9e\xcb\x08\x91V\xf0T\xc0\xa3\xfd\xa9\xb80\xadR\xc0\xf2\xa4\xb8\xa4\xf6\xa9V@^\xb5\x1ft}\xfdV@\xe0\xd9\xa8:6bE@x\xc7\xb6\x08u\xe04\xc0\xf8<\xd67c\xba4@\xc0\xda\xcf\x97\xad\xfb\x1a@\xbe\xa4Tp\xa9JJ\xc0\xa4\x03\xd7\x14\x04\xadD@<\x8d\x96\xba\x8d\xde=\xc0 \x1fN\xae\x0f\xbd+@\xe0h\xc0\xcev\xc72\xc0\x94\x80T\x11Z\x10V\xc0\xbap\x1f\x94\xf0\xaeS@~\xfc\n?\xc1&N\xc0\xc8\r\xeee\xce\x10=\xc0\xd0E\x96\x00P\xf3I@\xb05\x89\x00\xea\x10.\xc0v\x19\xc3N+\xf2Q@\xb0\xc0Zi\xb4\x8c\x16@\xd8\xd5'\x83\xf1l?@\x8c\xcc\x8c$\x1bxT@\x16\x81a$\xa8 Q@""",b'\xd4]6\x8c\xcf{7\xc0D\x13\x7f\xbb\x97JQ@\x98\xa2[\xc9\xd0\xc4H\xc0\xa4\\\xdf>\x89^F@ \x19\x82d\xfca&@',b'\x18\xacU\xb8=\xe4&\xc0\xe1\xbed)I\x11\x17\xc0h\xf4Pp\x84\xfa\x12@F`5\x17\xa5\x91)@\xa9\x1e\xabrIL\x13\xc0'
b'H\xd7\x9e.k\x91O@`k\x15\x08T\xa3\x17\xc0\x18<\xd9D\x84\xa8B@\x0f\x0fnt\x9c\x90Q\xc0\xe4\xacU\x93ek;\xc0\x98\x14?\xb3\x96wG@\xa9\xc6!\xceAmP\xc0/\x9d\xed\x92\xd0\xadI\xc0\xdey\x06uUjS\xc0',b'@!\xff\xf2\x82C\xfa?\x00\xd2\xac|\xc3\x0c\xc6?\xb0\xe6\xcf\xfcs\xf22@',b'\x1c\x8fCV\xea\xcc\xaa?\xfb\x03\x95u\xe4\x06\xd3\xbfLZ[6\xa8v\xb7\xbf'
"b'Ae\xa7`H\x13W\xc0\xbe\xa2}\xac\x1b\xf5Q@,N\x15\xe6?\x88:@\xf1\xb3=\x8b~\xf6V\xc0'","b'\x90\xb9\xd0\x1b,\xd48@\xc0\xd9a!\x9e\x01\xfa\xbf'",b'K\\\x1e\x0b6\x12\xd5\xbfE\x853m\xf8\xd0\xb3\xbf'
"b'z\xf7rJ\x8a3W\xc0\xef\x0c\x0b:-\xabJ\xc0L:\xdd\x91Q1S\xc0%\x14G\xcc\xe3pF\xc0\x0c\xe0\xe7V\xea\xffB@\xb0\xde>\x1d\xf5\x8eQ@l\x18\x0b\xd2\x12\nE@\xf3U\xa1m`sR\xc0\x14\xcf\x14\x10\n\rA\xc0\xc4\x0f{\x99\xd2\xf7X\xc0\xd0\\\xca\xc3\xfc\xb8@@ \x8ad\x1f\xa4\xcd\x06\xc0\xe8\x85\xc5\x96U\x9e,@\xc0\xe9\xa2p\xd0\xeb\x0b\xc0\xc0\xd9\x95\xbd\xdb\xf3:@\xb6\xbc\xdb\xbf\xbe\x90T\xc0@\xb4\xc5\xb3\xcb9\xff?\x14\xe1\xd1yB+E@*\xd0\x94J^GR@\xa8\xa0\xde\xc4>\xbaU\xc0\x92\xb3V\xd5\xcf\x87T@\xba\xdeW\xd0B\xedE\xc0\xa8\xb3\xb6\xf6""\xb9/@\xa4\xb8!\xbd\xdc\xbcF@\xf8go\xc6\x1e\xa8.\xc0'",b'\x00\xf9\xb2\rv\xae9\xc0\xc9\x01\xc45\t\x82X\xc0\xe8AV\xd2\xd4\xb0Q@+9\xf4u\xf7\xf5Q\xc0\x98\xfef\xd4\xc6\x05E@',b'%\xe7~C\x85_\xd5?)\xd4\x81O2\xf3\x18\xc0\xad\xd89\x980\x16 @\xe7\xae\xe9!\xba\xb0#\xc08\x92\xfe\x95\x1f\xf3\x0f\xc0'
"b'\xdcB,\x02\xa0\xd9K@\xa0\xec\xda!\xa0\x1b@@\x08\xd8`8\xc7\xecS@\xf77:,\x9e\x17N\xc0'",b'\xed\x08\xd2}F W\xc0\x80\xec<\x1dMQ?@',b'M\x02\xca\x9d\xf9\xa3\xe8\xbf\xa3F\x13\xb6\x13\xa4\xf8\xbf'
"b'\x88\x89\x96C\xba\xda8\xc0\x10\xaa\x93Z\xb5\xd8J@\xfc\xebH&\xdf\xd3M@z\x0c\x9ao""\x0fP@\xd4Y\xaatw\xfa5@g\x84\xff\x10?sI\xc0\x80]\xfc\xbc\xe1\x17\x15\xc00/\xa9\xce\xa4|?\xc0\xbbw\xd5Y\xa7aH\xc0'",b'\x04\x00kI\x04]B@\x1c\xf2\xb3\x08@/1\xc0\x07\xc2\xb1\xb3\xaejT\xc0',b'\x15%s3\xd2\xee\xf9?Z\x01\x05<\x9e=\xea\xbf8\x1fV\xc1b;\x00@'
b'6\x0f\xbcXl\x15W\xc0\x92\x8eQm|mK\xc0\x10\xf0o\x7f\xc2\xd97\xc0\xa4R\\x@SE@\x0c\n\x11+rf?\xc0\xe2\xb8)Rk\xb7X@\xc3\x15 ia\x05S\xc0`\xa3\xf7\x92\xda\xf0=\xc0\xde\xd3\xaf1Q\x8eU\xc0\x10\xa8\xc7!\x97+*@\x8cEB\xd6\x0fNT@\x96\x8b\x80\x81zEV@D9\xc8\xe3\xf2\xa80\xc0`T\xfe\xe9\xcc\x9a\x19\xc0\xc2\xed\x82`\x1a\xb3Q@\xe0\x87\x15\xf7\x93\x9a\x18\xc0',"b""\x883=HM\x13:\xc0\xf1'\x00`\xf9\xf6W\xc0\x84\xd6\x9a\xe2g\\@@\xd2\xc2\xb6\xad5\xfaP@""",b'|+\xf5\xf4\xf8\x94\xb6?\xeb\xdeP\x00>w\xd5\xbf\xaa\xc4\xa2\x91gs\xed?\x01\x14\xcc\xdat\x93\xd5\xbf'
b'\xbc\x86\xb6\xd8I\xc1N\xc0\xe8\xe2s{U\xdb;@N\xe8\xc7\xf6\xd1\x0cF\xc0\xa0\x89k@\x7f\x9c\n@r\x15D\xb0\xad\xfeV@ \xbd_Z\xf6&\x00\xc0t\x93y\xc1\xe8:L@\x90\x07\xbdLS+<\xc0l|HU\xe8FF@\xa0\x88\x8c\xc9\xe9\xb4\x08\xc0\x98z\x9ep\xbb\xe1J\xc0\x1c6Tj\x10\x8d2\xc08\xc1nHeZ&@\xa0\x00\x1d\x7f\x84\xa8\x14@\xf8^\xe1\x83\x8e\x05T@iv\x18/}\xdfK\xc0',b'~\xca[\x16\xad\xe3S@\x90DCh\xa4\xfd2\xc0\x12\xb6\x9a\xa35\x9bO\xc0\xfe\xef\x0b\xc0\xac\x94R\xc0',b'I!f\xa4Y\x94\xd6?\x97d\x95)\xfa\x0c\x10@\xbc\x9eS\x04?\xbd\xda?B&E\xd7\xf6\x01\x03@'
"b'\xb2\ttK]\x15R@\x9a=\xb4+\xe8\x10C\xc0\xa4%_\xfe\xc6\xaeB\xc0n\x0c\xc8\xd7\xf2\x9fV@m\x11\x8d\xe86\x93W\xc0x|\x88_I S@\x0f\xed\x8b\xa1\x9f\xf4J\xc0D\x84\xb5A\x9aGS\xc0\xb8.<\xbf\x90>I@\xc4\xc2\xaa\xc3<\x0fG@_>\x97\xd5\xf9\xa5V\xc0\xc0\xb9T\xc80\xea\x1c@\xd8\x14\xfb\x9e\xca\xf4%\xc0""\x1ek\x8d\x847Q\xc0\x80,\x15(\xf0b;@\xf8:\x8a\x84\xfc\xceN@@mb\x08V\xe0%\xc0\x0c[\xe3\xdf@ J@d\t\x9b\x14\xc6\x19I@]\x9e1\x90\xbc\x02T\xc0\x15\x1b\xfb\xe4#\x98R\xc0\xac\xd6\xf5\x91\x17\xf01@(\xa0\xbc#16,@\xbb\xab\x96\xf7V\xc0U\xc0\xf0\xcfF\x13\x97[@\xc0'","b""c\x18V\xfd\xdd,U\xc0<4\xc8Pj\x8cU@x[b\xdd~\x89'@L|QCq\xdf1@\xb4\xdc|\xe2\x13\xd7Q@""","b""\xa8&\xef\xcc\xb2\xd3\xfd?'\x13\xa7f\xda\xf0\x04\xc0?-\xfd7\xa5\xcb\xe9?(w\xf7\x8b\xc1_\x07\xc0\xca\xd1\xbah\xab\xd8\xd0?"""
"b'\x80\xf9\xec:T\xc4:\xc0\xa6\xf0z\xf3w|C\xc0\x98NL\x9fc\xddG\xc0,\x19\xd9\xe9eaF@\xe8h\x00\x13\xe74>\xc0\xd6\xb6G\x1b\xa31T@$1\xbf\xa3\x95|W@\x1f\xd6\xdc\xb3\xbc\xc3M\xc0\xe3\xd7\xef\\\x04zE\xc0\x80\xed!~\x86\x81>@p\xf2\xa7RN\xdd\x16\xc0\x80\xd8\xcbc\x1f\xe8K\xc0.\xe6\xbc\xe9%yT\xc0\x0bRM|\xddBJ\xc0""\xec\x90\xbbdbS\xc0H\xc5,/\x03a?@'",b'\xc8\xb0.4-\xdcV@r\xfb\x8c=\x8d\tQ@\xb2v\xb9\xd2\xc0\x95S@d h\xa0t\x99Q@',b'\x87\x14\x8ddO\x88\xe6\xbf&k5f^P$@\x8ar\xcd\xde8\xc4\x13\xc02u1\x98\x95\xc8\x14@'
"b'\x80>\x0bI\x04\xec\xfd\xbf\xa5\x1e%J?\xcbD\xc0 \x08\xf9\x1c8]W\xc0Re\xf1#3oV@\x00\x94\n\xd2\xfb\xa8\x18@\x98\x19\xcc:\xb4?>@L\xf4\x11\x82\x11%J\xc0h\x94X\xb3\xcc84\xc0\x82)w\xa0\xe5\x8bX@Iwi\xb2\xd2\xbeD\xc0\xce\xb5E\xd7\x1c\xfeS@B-\x07\xa6q\x84P@\x85B\xd7)\x02\xd6T\xc0\xb0\xe8\xbc\xc1\x8fN-@\xa5Iu\x98\x99YK\xc0t\xab\xb22[\xb9K@t\x97^\xaf\xdd\xa5V@v\xd9\x93\xdfElV\xc0\x90\x87\xee;\xd0AX@@|\x99\xd3q\xde\xfd\xbf\xdb\xfc\xd7\xbak\x0eS\xc0\x04-NSd7M@x\x9f\x9d\xca\x97j>@\xc7~\x86\xbc\xfa,E\xc0l\x9aH>F\xe86\xc0'",b'd\xa0\xe8\x9dN\x83B@\x1b\x1c\xe0\xf3\xf4\x1bX\xc0\xc01\x84\xa2/q\xf3\xbf\xc4 5\xed\x9a8V\xc0\xea\x07\\\x89\xec\xdfQ@',b'\xd78\x90\xe4v\xdf\xf0\xbf\xe8H\x8f\xfcy\x85\xd9\xbf\xfb\r\xff\x0e\xc2q\xf6\xbf6W\xb5\xee\x91\xdd\xf3\xbf5\xcbt\xf6d%\xc9\xbf'
b'\x0ct\xa2\xda\xc7\x8fO@@\x94\x97\xe8\xae\x9aS\xc0XRw\x808\x056\xc0\xb2bf;c J\xc0F\xfa\xbcU\xe9QU@q\x90\x01\xaf\x88|N\xc0\xe4C\xeb\\s\x0cG@4*\xd8J\xafz9@H\xf1X_\x12\xc0C@',b'\xfe$f\xa6 \x07D\xc0\x92\xbb\x91\xb9D\xc0W@X\x14\x04\xc1)\xa15@',b'\xc0\x8d\xf8\xe7\x07\xc8\xd8?{#\xc8Lt\x17\xef?s\xa8\xf7 #\xfe\xe0\xbf'
"b'\x10\xe0\x95\xc8""\xba?@\x83\xca$\xb7\xaexL\xc0\xc0\\v\x89\xf7\xb8P@\xb8\xb2)\xf86aC@<\xc4\xa9\xd3\x08>C\xc0X\xd5\xb8\xe4""_U@\xb8{\xd4\xbc\xdb\x8b3\xc0\xcaYm\xe7Q\x0eQ@0\xdc;\xc1]q;\xc0@;\xfdw\x0e\xf8L\xc0\xa80\x0cXt\xb4=@`h!\x8e\xb1\xd5\x0f@\\\xbc\xc3\x0b\x8f\xc9O@|\xda\xb4UJsM@g\xc4\xbf\x0b\x1a\x14N\xc0<\xdb\x03\xa0f\xd8:\xc0\xc8\x1c\xdd\x19\xd6\x94/@\xe85Nw\xfe\x0e""\xc0\x80A\x7fo\xc6\xd9\xe3?\xdcI\x10\xf7\x8a\x00B\xc0,a\xfcd#\x8e6\xc0\xc3\xd3r\xe3\x15\xaaT\xc0\xd8\x1d#\x1b\xfc3R@\xf0\xe0K{\xd6\xd6$@\xb7\xbc\x9e</VX\xc0'",b'\xd2\th$\xa3\xf0X@h\xee2\xacI\xee)@\x9c>\xd8\x11EDJ\xc0\xd8\xc7\x9d\x9e5\xac@\xc0\x80:\xcb\xde\x08\xfd\x1e\xc0',"b"">[6\t\x96\xe6\x11@\x898\x1a\x99\x87l\x12\xc0j\xc8R\xf2'\x9f\x1e\xc0\x97G\xbc\xf9\xffK\x07@\xbf\xf2\xbf\xfbr\xaf\x03\xc0"""
b'Jz\xfet3 O\xc0\x00b%\x07\x8d\x94\xf7?\xc2\x04\xbf\xaf\xc7\x84S@*\xb4\xff\x86\xf18K\xc0\x9e\xd9\xf9\xae\xac\x06Q@\xdc\xbe\x85\x8a\xb2\xc8Q@\x98\xebN\xdd\xbf\x85C@\xd8Bt\xba\x818 @\xe9I\x9b\xac|hX\xc0',b'\x19x`\x80\rvU\xc0\xc0FF\xf5\x12??\xc08\xb7\xfc\xfa\x97H8\xc0',b'\xdd\x9cL3\x17V\x0c@ME\xebo\xeb\xa6\xe2?\x81U\xcbH*k\xfb?'
"b""\xd4\x0b\x8f'\xce\xcdQ@\x08\xab_Q\xa12@@\x90\xa6\xf9\xbd\xe1\xd3\x1e@~\xb3Q\xc0\x1e,P\xc0\xf6\xb6F\x8aToD\xc0\x1d\xfd\xeaO\xd3\xf9H\xc0:U\xe3 \x19]P@(\xad\xa0\xa6|\x9d5@\xd4\xe0t\xc8\xadiO@""",b'\x1c[\xa0R\x9byW\xc0`\x1e\x89X\x7f\x800@\x10\xb6v\x8cf !@',b'\x99\xad\xc6\xe8\xe76\xf6\xbf\x16\xce\x07\xbd\xbb\x14\xcf\xbfQ\x8a\x04L^\xa9\xfa?'
"b'$\xfe.\xa5\xad\x82@@\xcc\xc0\x87\xa8\xae\x03?\xc0\xc4\xf4\x127\xef)L@\x80T\x1f(\xfd\x8dT\xc0\xa3\x9f\x98e_\xc7D\xc0\xf8\x92\xfc\xb1\x03\x11F@\xd4\x10n`\xc6-5\xc0\\as/\xa3`R@`\xac\x08~\x8411@ \xe6\x90Q4\x08V@\xec5)\xdef!M@$\xde\xa74\xe8W0@\x027a\r\xea\x11U\xc0\xa6\x1a \xd80BX\xc0,\xd7\xdeH2\xc5W@\x93~4\x19\xcezJ\xc0\xcc\xe2[o\xcd\xa8C@n\xd3\xc7\x16\x05kP@\xb8\xe2E\xd5a\xea;@|J\xfex\xb7\x90S@\xf7\xbe\xeam\x0f\xb7R\xc0\x88\xbb\xcd\x92\xd0\xa0C\xc0!\xe8\x94\xbd\x18_Q\xc0\x84\x1e\xc5c\xce\x94P\xc0\x94\xaf\xae\xce\xf1\xc5R@'",b'x\xee\xee-=\xa33@`\x7f\xf3k\x0e\x8bB\xc0\xd8\xf9\x99\xa8\xe4<O@K\x0c\x93\xa2\xe2AJ\xc0\xe4>\xf9\xcbY\x06D@',b'\x91\xeb.\xdc{\xe4\xb8? !=J~i\xb9\xbfZ\x83\r\xa5\x07h\xd8\xbf\xb1(P\x88^\xc9\xd7\xbf\xf3\xb6\xaf\xf4\x11O\xba\xbf'
"b'\x92\xaa\xc11\x84\x8fS@\xc0H\x07!h\xe6D@p\xe9ph\x907?@\x8c0\xebr\xc60T\xc0\t#w+\xbe\xa5T\xc0D\x10\xf0\xfd\x97\xd4:@\x9cg\xcc\xec\xd78S@JPL\x9ba>P@\xbb\xb8\x91\xd0\xa65R\xc0\xb0\x86F\xaa< ?@\xd58\xd5GG\x96W\xc0\xe8Y\x01O\xe2?1\xc0S\xb0\x10\x92!\x1bR\xc0\xc0\xeev3\xb1\xa2\r\xc0\xa8\x1a\x8d\x84\xef\xff,@\xf6\x8c\x8f\x8d\xdf:X@'",b'\x99s\xce\x81\xf2*G\xc0L\xdbh{3\xb8Q@\xbc\xa0-\t\x1c\x9eJ@\xec\xe4\x1f\x1f\xbb\x933@',b'\xd6<\x1b\xeah\xe5\xf5\xbf`\\\xa3\xd6\x7f\x92\xe4\xbf\xd5\x9f\x19\xe8\x81\x9a\xdc?g\xa1y\x17\xab/\xed\xbf'
"b'\xc4\xd9\xc0\xcd\xce\xd54@\xc2\xc2-\xcc2aW@\xb7\x95\x12\xfau\xe0R\xc0\x84\xa4)\x06\xcbuG@\xbc\xfc\xcai7\x80I@\xba\xb7\xb3\xc8\xc8\xe0S@\x08\x95\ri\x94\xd7J@\xe8T\x8cS""\x04F@\x944!\xec\xe3;O@'",b'\xe0AD\xd2\xf6hQ@\xee\xdak\x07\x80\xd4U@\xb6\xfe7\x01\xf0\x91P\xc0',"b'\x7f""\xc4\xa8\xa2\x8e""\xc0\xdb\xc8\xec\xcbqe\x15@\x96\xc3GO\xb7#\t@'"
"b""\xc0\xc9\xc3\x84%Q @\x1a\xcc\xa1\xa2\xf3\x91V\xc0\xc03A\x00\r\xe8=\xc0\xdc'\xf4\x85e\xe0?\xc0""",b'\x00(\xe6\xae\xc9T\x1d@$f\xef\xf8\xb2Q3\xc0',b'DU\x03\xcc\xdea\xe5?I\x85\xf9\xea\xb8V\x95\xbf'
b'1\xf6(\x1b\xf5\xcfC\xc0T \xffU\xfc6A@|\xed&f\x8b\x0cI@\xd4\xed@\x0c\xdb\xccP@',b'\xdaU\xa5cv\xb6X@r{W\xb4n>X@',b'5\x8d\xe3\x91\xd3\x18\xe8\xbfTG\xa3}\x1d\t\x00@'
"b'\x88\xdc]\xe0\xf2\xa7N@\x94y\xef\xa7\x80\xf10\xc0\x92D\xba\xf9)\xfcQ\xc0\xfc&\x00\xe4\xa7C@\xc0\x80\x89~\x9f}5,@\x10\xbc\xb1`\xae\x16X@\xfc\xce\x06\xed\xd64A@\x00\x1e\xac\xb0\x05\xc1\xfc?\xc2(\xb1q\x07\xc3T\xc0\xd0e)E""\xe4\x11@2\x06\x13\xc0\xc7\xf6W@\x08!\xae\xc0\x9d\xf8C@""\xe5\x92\xdb\x00\xa8T@bx,\xa6$\xadE\xc0D\x917\xd0\xc4[;\xc0;\xd4\x18\xfc\x19&K\xc0'",b'\x81\xbc\xce_\xbbJQ\xc08u<\xde0\xe9X@@F/K\xeb\xb1\x0b@\x00\xd4\x01\x85\xd5\xdd\xee?',b'\x029\x80\xd49\x19@@n\xdf\x1e\xee\xa5t\x1c\xc0\x00B\x15 \x0b\xc9\x1b@\xf0\xf2\t%\r\x94I@'
b'\xc0cGD\x13g.@\x94\xfb@\xe5_ZL@\xa4g\xb9\x00`\xa4W@\x90y<\xa8ZL;@T\xf9s1\x92LR@\xa8\xda\xbe4\x13}X\xc0\x92-\xd3m\x82yA\xc0\xa4\xe9\t7XXU\xc0\\\xe0m\x9c\xd5\xfaP\xc0',b'z!|Ui\xe3P\xc0f\x10\xae\xea`\x9eR\xc0\xc0\xe2\xc9>\x9d-T\xc0',b'\xe18x\x8b\x94\xd22@E\xd5\x9f\xc3|\xf1\x1c\xc0>\x0eXB\xeb)\xe3?'
"b'\xc4\xef\xe1\xf4\xb9ZV@}27\xd1I\xf3X\xc0\xfc`Q\x0c\x1e\xf0G@\xf8[\xfac\xec\xa9G@\xac\x03\xee=\xe0\xaf=\xc0\xab\xffz\xa0!KF\xc0\x9a\x05A\xdek)E\xc0\x98\xc1\x8bN}\xce,@\x84\x0e\x7f\x86W\x832@\xa4\xe5\xbdj\x0f""8\xc0\xf0\xd0\x98\xe5\xda\x04\x1e@\xfe\x87\x8f\x91?\xc8R\xc0||\xb9\x83\xec\x7fS@\x00\xd0\x97\xb7\x84\x05\xbc\xbfra\xc1Z9WS@\\(\xe3\xea\xe9\x1dY\xc0 \xf4\x14\xe9\xd8\x0b.@\xf0\xd5\xe1Pk\'R\xc0J\xabK\xf3\xbdZS@\xd9&\x12u\xdcAI\xc08&\x88_s\xc2#\xc0\x11\xc1Z\xc7\xed\xe4W\xc0\x00\xfb\xbe\x13\x90\xe7M@8E\xda\xf7\xd8H<@\xc0\xb4\x08}r\x82A\xc0'",b'\xd0\x8a\x95\xb5\x1a\xf1+\xc0\xf0+\x84\xacr\x85S\xc0\xd4\xee\x9c \xc0\x8aF@\xe6\xc6\x06\xd2\x93\xcaT\xc0^\x85\x1ad\xec\xa2S@',b'\xd2\xd6a\xb1\xcf\xa6\xb5\xbf\x9c\x91N\x8c<%+@sQi\x84\xa8\x9b0@\xd5\xb7$*\xab\xa8#@\x07&V&\xd3\xab\x07\xc0'
b'\xe0\xfeC\x02\xd6\xda/\xc0\x00-\xd9A%\x9cV\xc0.R:\xfb\xe6\xa5E\xc0\xb4#\xa8\x7f\nCS@',b'\xe0\xf1\x8f+4\x15L\xc0\xf2<\xa4\xcd\r2W@',b'\xc6\x9a\xf0\xe1 I\xe9\xbfJ\x18\xf3dsS\xe8?'
"b'\xc4\xb4\xb1T\xbddF@y\x12\xaa\xc4j\xd9W\xc0\x00I{?PQ\x06@\xa0\x8b*\xcc\xca\xca\x16\xc0\x91\x12\x97\xd5\xdd\xa6J\xc0\xb9)\xdb\x8a\xeemT\xc0\xc2\x10\xab[\xee\xf2X\xc0VcB\x8b68U@XL,W\xfb\xbc@\xc09\x06`\x9b\x05\tS\xc0<\xa0\xd0;\xecG6\xc0hZY\\\xff\xb5X@\x00\x96\xab\xbb\xf0<P@`&\xf2(\xba\x98O@\x1c\x98k5\x8c\xff@\xc0(""\xa1\xf4\xf6\x06#\xc0\xf4*d6*\xcfN@\xb8\x877\xd5\xe9\xe5X@\xa5K\xc92[$K\xc0\x00~\xc5\x1c.jW\xc0\x98Z\xa1\x8d\x95k9@\x04\xb2\xf0E\x1euF@\x08;\x1b\x160B0\xc0\xeaV\xf1\x97\x8a\nR@\xb6\xb9\x893Z\x97V@'",b'>\x91i_*fQ@\x9cl\x99\xd2\x92fN@\x1c\xa3\x85)\xc6TF@\xdc1z\xc8\x93\xf1A\xc0\xf0\x0b[\x91\x0c\xb5J@',b'$g\xad\x05\xf8\xd5\xd4?>k\x955]-\xe5\xbf\x05\\Rb1<\xe8?\x02\xa8\xb1^@\xe0\xf1?|\x95S7}\x8e\xb2?'
b'x\xb8\xbc\xe4\xa4$)\xc0\x84\x02@i\xa2<V\xc0xY\xacv\xad\x15T@\xf09\x1c@X\x12S@',b'\x14\xc4\x95\xde\x12lO@}\xb6|5\xf4gF\xc0',b'\xfaa\xa5\xf9\xd5\xb8\xc0?k>\xbb\xbd.3\xe7\xbf'
b'\x00\xce_\xf5\xf2Z!\xc0!\xc32A\x1b\x94X\xc0\x8a\x03\x0fP2dU\xc02\x1fM\x91z V@P\xd3\x00\x95\xd4}D@J\x0f\x0e^S`V@\xb7\x93\xb2\xe2\xa4gD\xc0 `\xa7\xe6\xceE.@/\xd2\xd9U\x96|N\xc0\xb8`Q\xe3n\xf3G@\x1d\x8b\xad\x9cYrI\xc0\\\x94*^\x08\xd07@\x80\xcd\x9a\x04*\xaa\xfa\xbf\x1c\x04l\xba\xd6vS@\x8aD8\x965\xf1V@\xcci\xfb\xd0\xd5aJ@',"b'\xd01\x8b\xef|\xb7S@\x12\xbb\xce""j\xf1W@\xa42,,\xef\'X@\xd9\x1dLK\xa7\x8fS\xc0'",b'Q\x80\x8b8d\x00\xae\xbfr}\x9b\x99\x0f#\xde?I}\xd6\\\x107\xf5\xbf\xea\x1eb\x17\x082\xc0?'
b'\x1e<3\xc31\x15T@\x10TZ@\xd1=\x15@V\xbd\xee[\xb3vF\xc0\xe8T\x02A\x12)H@',b'\xb8\x81\xf2+Q\x92*@\xc0A\xc5~=\x1cQ@',b'>3\xe8\x8dGN\xb1?U\xc1_!\xfc\xaa\xf7?'
b'\xa0\xf3\xee\xc4#\xc6X\xc0p\xbe\xf7?\ny#\xc0\xa8 B#\xc4)D@|\xbfr)\xc3\xa4W\xc0\xe8\xeb\xcdV\xaa>H\xc0\xa8\x7f\xc5_O4A@\xa8\xc6\x0cw\xac(W\xc0\x18\x90\xee`\xf5P/\xc0\xcc}l\xcb\x8e>R@',b'\xe0\x11\x96C\x99\xe0\x17\xc0\x82\xa2\x15\x00bWA\xc0:\xd7\xa9\xdb\xdcPS@',b'F\xc1\xce?\xb6\x13\xf0?\x96(\x1d\x99\x90\x17\xdf?\xef\xa6+\xe5\xf0\x81\x03@'
b'@\x9d\xa4\xa3\xac\xc39\xc0\xbc\x1b|\t\xf7\x93B@\xb4\x19\xe0\xc0!\x1b6\xc0 \xc3%\x9a\x10$\x15@',b'\xc0@\xbaQ2a\xfe\xbf\xc7\xd7\xfdD\xf8\xc6V\xc0',"b'y\xaa\x8bu\x18\xb4\x13@,#Y\x9c\x9a\xea\n@'"
b'|\xe7\x0e\xb2L\xdaU@\x1c9\x8c\x9c\x8f_S@\xc8\t\x12\x9c\\\x993@|fR\xe8\x8a\xccF@h\r\x92\xb5OmB\xc0\x1e\xf5\xe1\xbb\x98\xb7T@\xbc-e\xc6g\xd90@1\x81\xa0\xf4\xb6\x07T\xc04a\xcc\x1f\xdddR\xc0\x10\xd6\x1cT\x98a\x1b\xc0|\xd3\xe4\x88\xec@1@w1\xac\x99\x85\x08X\xc0NK\x7fk\x84\xdfT\xc0\xe8\xc7\xea\xc5\xc9dD@\x1c\xf6v\x8ap\xf9J@\xde\xc0\x97N\xc5\xbaT\xc0',b'V<w\xb3\x01\xf6P@\x00Pt\xd1\x1a\x0b1\xc0\xe0\xa2]\x8d\x9c\xdeP@\xd04\xc8%\x06\xefL@',b'\xbb;\x878\xea\xdf\x03@q\xc5\xa5\xea\xe2\xa2\xf9\xbf\x0bG\xa38\x06q\t@No\xa5!\x06\xb2\xfe\xbf'
b'N\xef_\x0eo\x18P@@\x94T-7\xa5\x08\xc0DV\x8f\x8a\x1d*P\xc0\xd0/\xfa\xd8 ~<@\xa0\xfa?\xfd\xb4z:\xc0\x00\x13Y_\xdfs\xe7\xbf\x1ez\xdd\xd0s\xeeG\xc0\x08\xc1\x11\xd16\x17;\xc0z\xcf\xad\xb2\xc3\xa3A\xc0T\xe9\xf4\xa93\x08=\xc0WG\x17\x8d\xf7\x83K\xc0\\p\x9a;\xd0\x8c5@\xd2>\xd3j\xf93W\xc0]\xb4\x8d\xa0\x9a\xbaF\xc0H\xea\xf40r\x19<@\x12v\xfap[sV\xc0',b'\x9aM\xb7\xe19sR@\xf6\xa2\xa7\x11\xd0\xbcR@\x0c\x99\x0e\xfem\x197@\xc6W\xb3\x18\xf9\xceW@',b'1}(\x13\x05\x81\xe9?\x91\x08\x8a\xf4\xb1\xae\xf0\xbf\xa3\xc8\xe3\xe0D\xa0\xf0\xbf4x\x1d\xde\xa1\xe7\xfa\xbf'
"b'\x88\x1b/\x00\x89\xc5W\xc0x\xb4\rY\xfe)H@\xe0\x14n!I\xf8I@\x90\xcf\xc4\x0cm\x10\x10@\xdc2\xe3  \xd8A@=:\x8e\x91+7O\xc0\x90\xac\x96S\xe1-\x1d\xc0\x04V\xe7\xc0\xf8J6@\x14\xeb\xc6\xc0\xee,B\xc0\xb2\xd2}FY\xe7R@\xc0rA\xc3ES0@\xf6\x19\xdb\xbe\xfa\xf0W@\x14qO\xe9\xab\xae1\xc0\x90\x82a\x8a\xb6\x05G@\x08\xb8\xc0e\x13\xf58@ \x1b\xf8v,\xf29\xc0\xec\t?0_\x0bI@\xbc\xdd\x86\xc3\x84]M\xc0\x98L\xc5\r\xd5%S@ZD{\xdc\x18zV\xc0L\x1e\x7f\t\xe8\xbd6@\x00\xc1\xaa\x15\xd4\xe8\x15\xc00\xf3\xcbK\xbc\x13\x11\xc0\xa0)""\x81\x94BN@rv\xcc\x93\xe2IR@'",b'\xce-\xd0\xc0\x93\x89M\xc0\x90\x16\xf4\x04G\xaeF\xc0\xcaR\x17\x8e\xb0)W@H\x9d(lY1B@\xd8h\xe6x\xe6\xcc9@',b'!O\x84\xaaGn\xe5?\xd2P~\xf2\xe9X\xe6?\xb3:\xe1/\t8\xe6\xbf\x95r\xb0&\xb4\xf4\xaa\xbf\xa8\x1c\xdd]b\x93\xc9?'
"b'P\x90)\xe5\x84\x1dQ\xc0\xfc^\xe9 \x15\xeb=\xc0$O\xfaU|\x91G@\x90i?\xb5|*U\xc0\xd7\x80\xa8\x7f.\x81J\xc0#\x04""\x8b\xdeAT\xc0\xc0\xfa\xf2}\xad\xba""\xc0r\xed\xe5:bGP\xc0D\x00\xea[\xd9\xccJ@'",b'@\x1f\xf7\x18\xf12\x10\xc0\xceP\xab\xb9\xbc\xa8R@\xa8i\x10\xc0\xcd\xaf?\xc0',b'\xf0\xcc\x14 3{\xd7\xbfC\xd3\x98\xd1z\x18\xb0?@\xf2JY<\x86\xe2\xbf'
b'\xc9@\xb6j\xad\x9dG\xc0\xe8\xa3\x0eo\xad\xa2B@\x96\xbe\x9a\xa9pYQ@\xe4\xba\xfa\xe7Y\xc87\xc0',b'}\xdc\xbd\xd1\xa1oH\xc0\x80d\xe3\xe7\x84\xe4%\xc0',b'\xc1\x7f5I\xbd+\xf1\xbfy\xd62\xf5\xbd^\x05\xc0'
"b""\xccD:A\xd7\x8eJ\xc0\xf64e_\xa9\x9fP\xc0(\xcaY\xc2\x191G@\xe4'\xc0'\xb9\xa3T@""",b'\xcd\xeez\xa4\x1f\x91R\xc0i\xa4?\x85X\x93Q\xc0',b'R\x80\xd0\xb5\x08\x9d @\xe6\xfd\xd3\x81\xf1\x12\x16\xc0'
"b'z\xb0\xeb2d\x08W@\x84\xac<\x96\xac\xd6I@\x17\x86(\x07\x85\x11G\xc0\x9a\x13\x13\x8e\x82\x03V\xc0\xc6H\x13\xb1x7P@\xe76\xbb\xd5\x8e\x1eC\xc0p#\x95\x8a\xa7<5\xc0\x040\x04+\xb1\xacO@\xfc\xd0Rj@\xafW@N\xe7\x93:j\x11X@\xc6\x93\r\x86\x0biL\xc0\xd0^\xa3\xa4\xeaZ\x1a\xc0&s8\xdb!\xf4R\xc0\xc2\xaf`\x15\xb6ZH\xc0\x84]5L\xe6\x8eO\xc0\x98\x97\xc6\xd79iF\xc0\xb4\xab\xc4E\xa8\x05X\xc0.\xec\xf6\x01~@V@\x94\xfd\xcf5[67@\x15\xe9\xba\xed\xebSM\xc0\xc7\xfbY""A\xebK\xc0\x89\x161\xbf?\xaaJ\xc0\xa8\x96\x01\x97\xc9\x1fH@\xc8\x97\x97\xfd\xafA1\xc0\x80\xfd\xdfe\xcay\xe0\xbf'",b'\xa0\xd7\x13&\x1b\xa2P\xc0\xe9\x8c\xbbKA\xb4L\xc0\xf4\xfc3\xa0\xb9\xc79@4\xc4c\xc8\xc8\x9f7@\xe0\xe1b\xc9\xc2<M@',"b""h8\x91F\xd28\xf8\xbf\xc5re\xacl\x07\x05@R\x0e\x9d\xd8U\xe1\xff?\xd2\x8f\xdb\x99\x00=\xf0\xbf1'\x9e{\xcd\xc3\xed\xbf"""
"b'\x80(y_\xe6\xf2\xff?\xc0\x1e\xf0I,\tP@c\xc9\xdd\x9fB\xcbW\xc0T\xe8\x1d\xd3}\x060\xc0\xb7\x1a\x85p\xb1\x1fX\xc0\xacL\xbd8EON@\xfb\xb3\x1a\xe3\xefpQ\xc0P\x07c\x06p\xa9N\xc02\xbahN2\xabU\xc0@\xc1\xfdL\xed\x1b@@\xeai\x9b\xc8R\x9dX\xc0\x96\xd5\x07\x91\xb9\x9aP@^\xf7\xd7rU\xa9E\xc0\x04\xe7\xce\x00)\xb27\xc0\xe0\x02\xaf\xf4Y> \xc0_>\x9c\xb2\xcdrJ\xc0'","b'PMh\xb5mS\x13\xc0\xa0\x1cF0\xe6W2@\xc8\xc1:k,\xd5*@\xd4\x1b\x8e\xc6=\xbcS\xc0'",b'(\x930\xcf\xdc}\xd3\xbf3\x8d\x81\x1c\xb3\xda\xfe?/\xa0A}\x94\xa5\xf3?\x05\x1dc/\xa1\x0f\xe6?'
"b""\x82.qa\xd1\x9bT@\xd4G2\xe2q\x8aK@\xe95\xa4+\xf9%P\xc0$\xdfT%vfX@H\xaa\x87\xd12\xb4;@@\x86N\xfd\xc66'@<\xa9(a\x8c\xd4:@0Wa\x81\x05\xa2W@H\xf4\xff\xa2\xc7\x8fM@\xccC\xa9\xed\xda\xb2X\xc0\x08Y\xc0\xfeVZ@\xc0\xaeq\xd3q?(U@\xa0\xd3\xf9\x14S\x1f+\xc0\xf8\xa5d\xb2\x06\xb0A@6H\x10\xb2B2Q\xc0xNf\xac)tL\xc0(J\x88\xa1\xa6\xc6N@\x17\x00y\x96\xe6\xd1K\xc0\x8cl\x95\xb7TSM@\xf0\x95\xf5\xbaQ\x01A\xc0\xdf0\x15\x00\xc6\xbeL\xc0\xb0e\x8e\xad\xc0\xd1P@8\xb7\xcf\xac\x95m)\xc0x\xdbp\x7f\xca\xb9*@\x88\xf3#v\x8c\xfdD@""",b'pk8\xf3\nP!@\xd8\xc6g\xc6(\xc3/\xc0Pqy\x892\x8eQ@\xe8\xb0\x8b9E\xf2W@\xbdf1\x06\xe5\x13Q\xc0',b'\xc0\xa3*\xec\x1b\xe0\xbf\xbf\xc9f\x95P\x04\xe5\xe0\xbfp\xb94v\x03S\xf6\xbf\xa7\xb2\xff^\x80`\xa7\xbf\xf4\xba!;\x1a\xc1\xf5\xbf'
